Device,shop_order,Feature,Actual,Tol-,Tol+,Deviation,Tendency,Run Date,Run Time,,,
1,1525034,REAR,0.0053,0.0015,0.0015,0.0008,0.533,6/24/2024,8:53:48,,,
1,1525034,BASE,0.0054,0.0015,0.0015,0.0009,0.6,6/24/2024,8:53:48,,,
1,1525034,MID,0.0054,0.0015,0.0015,0.0009,0.6,6/24/2024,8:53:48,,,
1,1525034,TIP,0.0047,0.0015,0.0015,0.0002,0.133,6/24/2024,8:53:48,,,
2,1525034,REAR,0.0052,0.0015,0.0015,0.0007,0.467,6/24/2024,8:54:53,,,
2,1525034,BASE,0.005,0.0015,0.0015,0.0005,0.333,6/24/2024,8:54:53,,,
2,1525034,MID,0.0058,0.0015,0.0015,0.0013,0.867,6/24/2024,8:54:53,,,
2,1525034,TIP,0.0051,0.0015,0.0015,0.0006,0.4,6/24/2024,8:54:53,,,
3,1525034,REAR,0.0057,0.0015,0.0015,0.0012,0.8,6/24/2024,8:56:14,,,
3,1525034,BASE,0.0056,0.0015,0.0015,0.0011,0.733,6/24/2024,8:56:14,,,
3,1525034,MID,0.0069,0.0015,0.0015,0.0024,1.6,6/24/2024,8:56:14,,,
3,1525034,TIP,0.0072,0.0015,0.0015,0.0027,1.8,6/24/2024,8:56:14,,,
4,1525034,REAR,0.0056,0.0015,0.0015,0.0011,0.733,6/24/2024,9:04:00,,,
4,1525034,BASE,0.0055,0.0015,0.0015,0.001,0.667,6/24/2024,9:04:00,,,
4,1525034,MID,0.005,0.0015,0.0015,0.0005,0.333,6/24/2024,9:04:00,,,
4,1525034,TIP,0.0056,0.0015,0.0015,0.0011,0.733,6/24/2024,9:04:00,,,
5,1525034,REAR,0.0052,0.0015,0.0015,0.0007,0.467,6/24/2024,9:05:27,,,
5,1525034,BASE,0.0049,0.0015,0.0015,0.0004,0.267,6/24/2024,9:05:27,,,
5,1525034,MID,0.0051,0.0015,0.0015,0.0006,0.4,6/24/2024,9:05:27,,,
5,1525034,TIP,0.0052,0.0015,0.0015,0.0007,0.467,6/24/2024,9:05:27,,,
6,1525034,REAR,0.0054,0.0015,0.0015,0.0009,0.6,6/24/2024,9:06:54,,,
6,1525034,BASE,0.0053,0.0015,0.0015,0.0008,0.533,6/24/2024,9:06:54,,,
6,1525034,MID,0.0052,0.0015,0.0015,0.0007,0.467,6/24/2024,9:06:54,,,
6,1525034,TIP,0.0062,0.0015,0.0015,0.0017,1.133,6/24/2024,9:06:54,,,
7,1525034,REAR,0.0052,0.0015,0.0015,0.0007,0.467,6/24/2024,9:12:20,,,
7,1525034,BASE,0.0051,0.0015,0.0015,0.0006,0.4,6/24/2024,9:12:20,,,
7,1525034,MID,0.005,0.0015,0.0015,0.0005,0.333,6/24/2024,9:12:20,,,
7,1525034,TIP,0.0058,0.0015,0.0015,0.0013,0.867,6/24/2024,9:12:20,,,
8,1525034,REAR,0.0055,0.0015,0.0015,0.001,0.667,6/24/2024,9:15:25,,,
8,1525034,BASE,0.0055,0.0015,0.0015,0.001,0.667,6/24/2024,9:15:25,,,
8,1525034,MID,0.0059,0.0015,0.0015,0.0014,0.933,6/24/2024,9:15:25,,,
8,1525034,TIP,0.006,0.0015,0.0015,0.0015,1,6/24/2024,9:15:25,,,
9,1525034,REAR,0.0053,0.0015,0.0015,0.0008,0.533,6/24/2024,9:16:26,,,
9,1525034,BASE,0.0052,0.0015,0.0015,0.0007,0.467,6/24/2024,9:16:26,,,
9,1525034,MID,0.0057,0.0015,0.0015,0.0012,0.8,6/24/2024,9:16:26,,,
9,1525034,TIP,0.0061,0.0015,0.0015,0.0016,1.067,6/24/2024,9:16:26,,,
10,1525034,REAR,0.0055,0.0015,0.0015,0.001,0.667,6/24/2024,9:17:25,,,
10,1525034,BASE,0.0055,0.0015,0.0015,0.001,0.667,6/24/2024,9:17:25,,,
10,1525034,MID,0.0061,0.0015,0.0015,0.0016,1.067,6/24/2024,9:17:25,,,
10,1525034,TIP,0.0063,0.0015,0.0015,0.0018,1.2,6/24/2024,9:17:25,,,
11,1525034,REAR,0.0054,0.0015,0.0015,0.0009,0.6,6/24/2024,9:24:45,,,
11,1525034,BASE,0.0053,0.0015,0.0015,0.0008,0.533,6/24/2024,9:24:45,,,
11,1525034,MID,0.006,0.0015,0.0015,0.0015,1,6/24/2024,9:24:45,,,
11,1525034,TIP,0.0067,0.0015,0.0015,0.0022,1.467,6/24/2024,9:24:45,,,
12,1525034,REAR,0.0055,0.0015,0.0015,0.001,0.667,6/24/2024,9:25:35,,,
12,1525034,BASE,0.0054,0.0015,0.0015,0.0009,0.6,6/24/2024,9:25:35,,,
12,1525034,MID,0.0061,0.0015,0.0015,0.0016,1.067,6/24/2024,9:25:35,,,
12,1525034,TIP,0.0063,0.0015,0.0015,0.0018,1.2,6/24/2024,9:25:35,,,
13,1525034,REAR,0.0055,0.0015,0.0015,0.001,0.667,6/24/2024,9:28:07,,,
13,1525034,BASE,0.0054,0.0015,0.0015,0.0009,0.6,6/24/2024,9:28:07,,,
13,1525034,MID,0.0062,0.0015,0.0015,0.0017,1.133,6/24/2024,9:28:07,,,
13,1525034,TIP,0.0071,0.0015,0.0015,0.0026,1.733,6/24/2024,9:28:07,,,
14,1525034,REAR,0.0053,0.0015,0.0015,0.0008,0.533,6/24/2024,9:30:10,,,
14,1525034,BASE,0.0051,0.0015,0.0015,0.0006,0.4,6/24/2024,9:30:10,,,
14,1525034,MID,0.0058,0.0015,0.0015,0.0013,0.867,6/24/2024,9:30:10,,,
14,1525034,TIP,0.0068,0.0015,0.0015,0.0023,1.533,6/24/2024,9:30:10,,,
15,1525034,REAR,0.0056,0.0015,0.0015,0.0011,0.733,6/24/2024,9:31:17,,,
15,1525034,BASE,0.0056,0.0015,0.0015,0.0011,0.733,6/24/2024,9:31:17,,,
15,1525034,MID,0.0063,0.0015,0.0015,0.0018,1.2,6/24/2024,9:31:17,,,
15,1525034,TIP,0.0076,0.0015,0.0015,0.0031,2.067,6/24/2024,9:31:17,,,
16,1525034,REAR,0.0052,0.0015,0.0015,0.0007,0.467,6/24/2024,9:34:28,,,
16,1525034,BASE,0.005,0.0015,0.0015,0.0005,0.333,6/24/2024,9:34:28,,,
16,1525034,MID,0.0058,0.0015,0.0015,0.0013,0.867,6/24/2024,9:34:28,,,
16,1525034,TIP,0.0064,0.0015,0.0015,0.0019,1.267,6/24/2024,9:34:28,,,
17,1525034,REAR,0.0053,0.0015,0.0015,0.0008,0.533,6/24/2024,9:35:21,,,
17,1525034,BASE,0.0053,0.0015,0.0015,0.0008,0.533,6/24/2024,9:35:21,,,
17,1525034,MID,0.0055,0.0015,0.0015,0.001,0.667,6/24/2024,9:35:21,,,
17,1525034,TIP,0.0053,0.0015,0.0015,0.0008,0.533,6/24/2024,9:35:21,,,
18,1525034,REAR,0.0053,0.0015,0.0015,0.0008,0.533,6/24/2024,9:36:19,,,
18,1525034,BASE,0.005,0.0015,0.0015,0.0005,0.333,6/24/2024,9:36:19,,,
18,1525034,MID,0.0059,0.0015,0.0015,0.0014,0.933,6/24/2024,9:36:19,,,
18,1525034,TIP,0.0058,0.0015,0.0015,0.0013,0.867,6/24/2024,9:36:19,,,
19,1525034,REAR,0.0055,0.0015,0.0015,0.001,0.667,6/24/2024,9:42:57,,,
19,1525034,BASE,0.0055,0.0015,0.0015,0.001,0.667,6/24/2024,9:42:57,,,
19,1525034,MID,0.0062,0.0015,0.0015,0.0017,1.133,6/24/2024,9:42:57,,,
19,1525034,TIP,0.0072,0.0015,0.0015,0.0027,1.8,6/24/2024,9:42:57,,,
20,1525034,REAR,0.0051,0.0015,0.0015,0.0006,0.4,6/24/2024,9:44:09,,,
20,1525034,BASE,0.0049,0.0015,0.0015,0.0004,0.267,6/24/2024,9:44:09,,,
20,1525034,MID,0.0055,0.0015,0.0015,0.001,0.667,6/24/2024,9:44:09,,,
20,1525034,TIP,0.0052,0.0015,0.0015,0.0007,0.467,6/24/2024,9:44:09,,,
21,1525034,REAR,0.0053,0.0015,0.0015,0.0008,0.533,6/24/2024,9:48:36,,,
21,1525034,BASE,0.0052,0.0015,0.0015,0.0007,0.467,6/24/2024,9:48:36,,,
21,1525034,MID,0.0057,0.0015,0.0015,0.0012,0.8,6/24/2024,9:48:36,,,
21,1525034,TIP,0.007,0.0015,0.0015,0.0025,1.667,6/24/2024,9:48:36,,,
22,1525034,REAR,0.0053,0.0015,0.0015,0.0008,0.533,6/24/2024,9:58:34,,,
22,1525034,BASE,0.0051,0.0015,0.0015,0.0006,0.4,6/24/2024,9:58:34,,,
22,1525034,MID,0.0056,0.0015,0.0015,0.0011,0.733,6/24/2024,9:58:34,,,
22,1525034,TIP,0.0067,0.0015,0.0015,0.0022,1.467,6/24/2024,9:58:34,,,
23,1525034,REAR,0.0058,0.0015,0.0015,0.0013,0.867,6/24/2024,9:59:25,,,
23,1525034,BASE,0.006,0.0015,0.0015,0.0015,1,6/24/2024,9:59:25,,,
23,1525034,MID,0.008,0.0015,0.0015,0.0035,2.333,6/24/2024,9:59:25,,,
23,1525034,TIP,0.0092,0.0015,0.0015,0.0047,3.133,6/24/2024,9:59:25,,,
24,1525034,REAR,0.0053,0.0015,0.0015,0.0008,0.533,6/24/2024,10:00:21,,,
24,1525034,BASE,0.0052,0.0015,0.0015,0.0007,0.467,6/24/2024,10:00:21,,,
24,1525034,MID,0.0065,0.0015,0.0015,0.002,1.333,6/24/2024,10:00:21,,,
24,1525034,TIP,0.0072,0.0015,0.0015,0.0027,1.8,6/24/2024,10:00:21,,,
25,1525034,REAR,0.0081,0.0015,0.0015,0.0036,2.4,6/24/2024,10:12:33,,,
25,1525034,BASE,0.0076,0.0015,0.0015,0.0031,2.067,6/24/2024,10:12:33,,,
25,1525034,MID,0.0057,0.0015,0.0015,0.0012,0.8,6/24/2024,10:12:33,,,
25,1525034,TIP,0.006,0.0015,0.0015,0.0015,1,6/24/2024,10:12:33,,,
26,1525034,REAR,0.0051,0.0015,0.0015,0.0006,0.4,6/24/2024,10:13:25,,,
26,1525034,BASE,0.0049,0.0015,0.0015,0.0004,0.267,6/24/2024,10:13:25,,,
26,1525034,MID,0.0052,0.0015,0.0015,0.0007,0.467,6/24/2024,10:13:25,,,
26,1525034,TIP,0.0066,0.0015,0.0015,0.0021,1.4,6/24/2024,10:13:25,,,
27,1525034,REAR,0.0054,0.0015,0.0015,0.0009,0.6,6/24/2024,10:14:44,,,
27,1525034,BASE,0.0054,0.0015,0.0015,0.0009,0.6,6/24/2024,10:14:44,,,
27,1525034,MID,0.0057,0.0015,0.0015,0.0012,0.8,6/24/2024,10:14:44,,,
27,1525034,TIP,0.0062,0.0015,0.0015,0.0017,1.133,6/24/2024,10:14:44,,,
28,1525034,REAR,0.0052,0.0015,0.0015,0.0007,0.467,6/24/2024,10:21:38,,,
28,1525034,BASE,0.0051,0.0015,0.0015,0.0006,0.4,6/24/2024,10:21:38,,,
28,1525034,MID,0.0058,0.0015,0.0015,0.0013,0.867,6/24/2024,10:21:38,,,
28,1525034,TIP,0.0049,0.0015,0.0015,0.0004,0.267,6/24/2024,10:21:38,,,
29,1525034,REAR,0.0051,0.0015,0.0015,0.0006,0.4,6/24/2024,10:22:57,,,
29,1525034,BASE,0.0048,0.0015,0.0015,0.0003,0.2,6/24/2024,10:22:57,,,
29,1525034,MID,0.0052,0.0015,0.0015,0.0007,0.467,6/24/2024,10:22:57,,,
29,1525034,TIP,0.0062,0.0015,0.0015,0.0017,1.133,6/24/2024,10:22:57,,,
30,1525034,REAR,0.0055,0.0015,0.0015,0.001,0.667,6/24/2024,10:24:26,,,
30,1525034,BASE,0.0054,0.0015,0.0015,0.0009,0.6,6/24/2024,10:24:26,,,
30,1525034,MID,0.0061,0.0015,0.0015,0.0016,1.067,6/24/2024,10:24:26,,,
30,1525034,TIP,0.0062,0.0015,0.0015,0.0017,1.133,6/24/2024,10:24:26,,,
31,1525034,REAR,0.0055,0.0015,0.0015,0.001,0.667,6/24/2024,10:30:41,,,
31,1525034,BASE,0.0054,0.0015,0.0015,0.0009,0.6,6/24/2024,10:30:41,,,
31,1525034,MID,0.0061,0.0015,0.0015,0.0016,1.067,6/24/2024,10:30:41,,,
31,1525034,TIP,0.0062,0.0015,0.0015,0.0017,1.133,6/24/2024,10:30:41,,,
32,1525034,REAR,0.0051,0.0015,0.0015,0.0006,0.4,6/24/2024,10:33:10,,,
32,1525034,BASE,0.0048,0.0015,0.0015,0.0003,0.2,6/24/2024,10:33:10,,,
32,1525034,MID,0.0053,0.0015,0.0015,0.0008,0.533,6/24/2024,10:33:10,,,
32,1525034,TIP,0.006,0.0015,0.0015,0.0015,1,6/24/2024,10:33:10,,,
33,1525034,REAR,0.0076,0.0015,0.0015,0.0031,2.067,6/24/2024,10:34:11,,,
33,1525034,BASE,0.0071,0.0015,0.0015,0.0026,1.733,6/24/2024,10:34:11,,,
33,1525034,MID,0.0052,0.0015,0.0015,0.0007,0.467,6/24/2024,10:34:11,,,
33,1525034,TIP,0.0057,0.0015,0.0015,0.0012,0.8,6/24/2024,10:34:11,,,
34,1525034,REAR,0.0054,0.0015,0.0015,0.0009,0.6,6/24/2024,10:35:03,,,
34,1525034,BASE,0.0053,0.0015,0.0015,0.0008,0.533,6/24/2024,10:35:03,,,
34,1525034,MID,0.0063,0.0015,0.0015,0.0018,1.2,6/24/2024,10:35:03,,,
34,1525034,TIP,0.0078,0.0015,0.0015,0.0033,2.2,6/24/2024,10:35:03,,,
35,1525034,REAR,0.0053,0.0015,0.0015,0.0008,0.533,6/24/2024,11:03:50,,,
35,1525034,BASE,0.0051,0.0015,0.0015,0.0006,0.4,6/24/2024,11:03:50,,,
35,1525034,MID,0.0061,0.0015,0.0015,0.0016,1.067,6/24/2024,11:03:50,,,
35,1525034,TIP,0.0071,0.0015,0.0015,0.0026,1.733,6/24/2024,11:03:50,,,
36,1525034,REAR,0.0071,0.0015,0.0015,0.0026,1.733,6/24/2024,11:06:51,,,
36,1525034,BASE,0.007,0.0015,0.0015,0.0025,1.667,6/24/2024,11:06:51,,,
36,1525034,MID,0.007,0.0015,0.0015,0.0025,1.667,6/24/2024,11:06:51,,,
36,1525034,TIP,0.0005,0.0015,0.0015,-0.004,-2.667,6/24/2024,11:06:51,,,
37,1525034,REAR,0.0054,0.0015,0.0015,0.0009,0.6,6/24/2024,11:08:42,,,
37,1525034,BASE,0.0054,0.0015,0.0015,0.0009,0.6,6/24/2024,11:08:42,,,
37,1525034,MID,0.0051,0.0015,0.0015,0.0006,0.4,6/24/2024,11:08:42,,,
37,1525034,TIP,0.0046,0.0015,0.0015,0.0001,0.067,6/24/2024,11:08:42,,,
38,1525034,REAR,0.0054,0.0015,0.0015,0.0009,0.6,6/24/2024,11:09:36,,,
38,1525034,BASE,0.0054,0.0015,0.0015,0.0009,0.6,6/24/2024,11:09:36,,,
38,1525034,MID,0.0062,0.0015,0.0015,0.0017,1.133,6/24/2024,11:09:36,,,
38,1525034,TIP,0.007,0.0015,0.0015,0.0025,1.667,6/24/2024,11:09:36,,,
39,1525034,REAR,0.0055,0.0015,0.0015,0.001,0.667,6/24/2024,11:16:31,,,
39,1525034,BASE,0.0057,0.0015,0.0015,0.0012,0.8,6/24/2024,11:16:31,,,
39,1525034,MID,0.0064,0.0015,0.0015,0.0019,1.267,6/24/2024,11:16:31,,,
39,1525034,TIP,0.0068,0.0015,0.0015,0.0023,1.533,6/24/2024,11:16:31,,,
40,1525034,REAR,0.0053,0.0015,0.0015,0.0008,0.533,6/24/2024,11:17:23,,,
40,1525034,BASE,0.0053,0.0015,0.0015,0.0008,0.533,6/24/2024,11:17:23,,,
40,1525034,MID,0.0061,0.0015,0.0015,0.0016,1.067,6/24/2024,11:17:23,,,
40,1525034,TIP,0.0067,0.0015,0.0015,0.0022,1.467,6/24/2024,11:17:23,,,
41,1525034,REAR,0.0053,0.0015,0.0015,0.0008,0.533,6/24/2024,11:20:26,,,
41,1525034,BASE,0.0051,0.0015,0.0015,0.0006,0.4,6/24/2024,11:20:26,,,
41,1525034,MID,0.0058,0.0015,0.0015,0.0013,0.867,6/24/2024,11:20:26,,,
41,1525034,TIP,0.0064,0.0015,0.0015,0.0019,1.267,6/24/2024,11:20:26,,,
42,1525034,REAR,0.0053,0.0015,0.0015,0.0008,0.533,6/24/2024,11:21:32,,,
42,1525034,BASE,0.0052,0.0015,0.0015,0.0007,0.467,6/24/2024,11:21:32,,,
42,1525034,MID,0.0058,0.0015,0.0015,0.0013,0.867,6/24/2024,11:21:32,,,
42,1525034,TIP,0.0057,0.0015,0.0015,0.0012,0.8,6/24/2024,11:21:32,,,
43,1525034,REAR,0.0055,0.0015,0.0015,0.001,0.667,6/24/2024,11:22:25,,,
43,1525034,BASE,0.0055,0.0015,0.0015,0.001,0.667,6/24/2024,11:22:25,,,
43,1525034,MID,0.0056,0.0015,0.0015,0.0011,0.733,6/24/2024,11:22:25,,,
43,1525034,TIP,0.0051,0.0015,0.0015,0.0006,0.4,6/24/2024,11:22:25,,,
44,1525034,REAR,0.0052,0.0015,0.0015,0.0007,0.467,6/24/2024,11:28:15,,,
44,1525034,BASE,0.005,0.0015,0.0015,0.0005,0.333,6/24/2024,11:28:15,,,
44,1525034,MID,0.0056,0.0015,0.0015,0.0011,0.733,6/24/2024,11:28:15,,,
44,1525034,TIP,0.006,0.0015,0.0015,0.0015,1,6/24/2024,11:28:15,,,
45,1525034,REAR,0.0052,0.0015,0.0015,0.0007,0.467,6/24/2024,11:31:12,,,
45,1525034,BASE,0.0051,0.0015,0.0015,0.0006,0.4,6/24/2024,11:31:12,,,
45,1525034,MID,0.0059,0.0015,0.0015,0.0014,0.933,6/24/2024,11:31:12,,,
45,1525034,TIP,0.0055,0.0015,0.0015,0.001,0.667,6/24/2024,11:31:12,,,
46,1525034,REAR,0.0053,0.0015,0.0015,0.0008,0.533,6/24/2024,11:32:26,,,
46,1525034,BASE,0.0051,0.0015,0.0015,0.0006,0.4,6/24/2024,11:32:26,,,
46,1525034,MID,0.0058,0.0015,0.0015,0.0013,0.867,6/24/2024,11:32:26,,,
46,1525034,TIP,0.0064,0.0015,0.0015,0.0019,1.267,6/24/2024,11:32:26,,,
47,1525034,REAR,0.0056,0.0015,0.0015,0.0011,0.733,6/24/2024,11:33:12,,,
47,1525034,BASE,0.0054,0.0015,0.0015,0.0009,0.6,6/24/2024,11:33:12,,,
47,1525034,MID,0.0054,0.0015,0.0015,0.0009,0.6,6/24/2024,11:33:12,,,
47,1525034,TIP,0.0056,0.0015,0.0015,0.0011,0.733,6/24/2024,11:33:12,,,
48,1525034,REAR,0.0052,0.0015,0.0015,0.0007,0.467,6/24/2024,11:38:35,,,
48,1525034,BASE,0.0051,0.0015,0.0015,0.0006,0.4,6/24/2024,11:38:35,,,
48,1525034,MID,0.0057,0.0015,0.0015,0.0012,0.8,6/24/2024,11:38:35,,,
48,1525034,TIP,0.0063,0.0015,0.0015,0.0018,1.2,6/24/2024,11:38:35,,,
49,1525034,REAR,0.0051,0.0015,0.0015,0.0006,0.4,6/24/2024,11:41:06,,,
49,1525034,BASE,0.005,0.0015,0.0015,0.0005,0.333,6/24/2024,11:41:06,,,
49,1525034,MID,0.0058,0.0015,0.0015,0.0013,0.867,6/24/2024,11:41:06,,,
49,1525034,TIP,0.0069,0.0015,0.0015,0.0024,1.6,6/24/2024,11:41:06,,,
50,1525034,REAR,0.0055,0.0015,0.0015,0.001,0.667,6/24/2024,11:42:54,,,
50,1525034,BASE,0.0054,0.0015,0.0015,0.0009,0.6,6/24/2024,11:42:54,,,
50,1525034,MID,0.0061,0.0015,0.0015,0.0016,1.067,6/24/2024,11:42:54,,,
50,1525034,TIP,0.0064,0.0015,0.0015,0.0019,1.267,6/24/2024,11:42:54,,,
51,1525034,REAR,0.0051,0.0015,0.0015,0.0006,0.4,6/24/2024,11:44:02,,,
51,1525034,BASE,0.0052,0.0015,0.0015,0.0007,0.467,6/24/2024,11:44:02,,,
51,1525034,MID,0.006,0.0015,0.0015,0.0015,1,6/24/2024,11:44:02,,,
51,1525034,TIP,0.0068,0.0015,0.0015,0.0023,1.533,6/24/2024,11:44:02,,,
52,1525034,REAR,0.0052,0.0015,0.0015,0.0007,0.467,6/24/2024,11:54:30,,,
52,1525034,BASE,0.005,0.0015,0.0015,0.0005,0.333,6/24/2024,11:54:30,,,
52,1525034,MID,0.0057,0.0015,0.0015,0.0012,0.8,6/24/2024,11:54:30,,,
52,1525034,TIP,0.007,0.0015,0.0015,0.0025,1.667,6/24/2024,11:54:30,,,
53,1525034,REAR,0.0073,0.0015,0.0015,0.0028,1.867,6/24/2024,11:55:21,,,
53,1525034,BASE,0.0069,0.0015,0.0015,0.0024,1.6,6/24/2024,11:55:21,,,
53,1525034,MID,0.0058,0.0015,0.0015,0.0013,0.867,6/24/2024,11:55:21,,,
53,1525034,TIP,0.006,0.0015,0.0015,0.0015,1,6/24/2024,11:55:21,,,
54,1525034,REAR,0.0088,0.0015,0.0015,0.0043,2.867,6/24/2024,11:56:44,,,
54,1525034,BASE,0.0084,0.0015,0.0015,0.0039,2.6,6/24/2024,11:56:44,,,
54,1525034,MID,0.0076,0.0015,0.0015,0.0031,2.067,6/24/2024,11:56:44,,,
54,1525034,TIP,0.0062,0.0015,0.0015,0.0017,1.133,6/24/2024,11:56:44,,,
55,1525034,REAR,0.0056,0.0015,0.0015,0.0011,0.733,6/24/2024,12:01:13,,,
55,1525034,BASE,0.0055,0.0015,0.0015,0.001,0.667,6/24/2024,12:01:13,,,
55,1525034,MID,0.0059,0.0015,0.0015,0.0014,0.933,6/24/2024,12:01:13,,,
55,1525034,TIP,0.0054,0.0015,0.0015,0.0009,0.6,6/24/2024,12:01:13,,,
56,1525034,REAR,0.007,0.0015,0.0015,0.0025,1.667,6/24/2024,12:02:28,,,
56,1525034,BASE,0.0068,0.0015,0.0015,0.0023,1.533,6/24/2024,12:02:28,,,
56,1525034,MID,0.006,0.0015,0.0015,0.0015,1,6/24/2024,12:02:28,,,
56,1525034,TIP,0.0063,0.0015,0.0015,0.0018,1.2,6/24/2024,12:02:28,,,
57,1525034,REAR,0.0065,0.0015,0.0015,0.002,1.333,6/24/2024,12:03:32,,,
57,1525034,BASE,0.0064,0.0015,0.0015,0.0019,1.267,6/24/2024,12:03:32,,,
57,1525034,MID,0.0071,0.0015,0.0015,0.0026,1.733,6/24/2024,12:03:32,,,
57,1525034,TIP,0.0086,0.0015,0.0015,0.0041,2.733,6/24/2024,12:03:32,,,
58,1525034,REAR,0.0052,0.0015,0.0015,0.0007,0.467,6/24/2024,12:11:52,,,
58,1525034,BASE,0.005,0.0015,0.0015,0.0005,0.333,6/24/2024,12:11:52,,,
58,1525034,MID,0.0062,0.0015,0.0015,0.0017,1.133,6/24/2024,12:11:52,,,
58,1525034,TIP,0.0061,0.0015,0.0015,0.0016,1.067,6/24/2024,12:11:52,,,
59,1525034,REAR,0.008,0.0015,0.0015,0.0035,2.333,6/24/2024,12:13:11,,,
59,1525034,BASE,0.0074,0.0015,0.0015,0.0029,1.933,6/24/2024,12:13:11,,,
59,1525034,MID,0.0057,0.0015,0.0015,0.0012,0.8,6/24/2024,12:13:11,,,
59,1525034,TIP,0.0058,0.0015,0.0015,0.0013,0.867,6/24/2024,12:13:11,,,
60,1525034,REAR,0.0056,0.0015,0.0015,0.0011,0.733,6/24/2024,12:14:03,,,
60,1525034,BASE,0.0054,0.0015,0.0015,0.0009,0.6,6/24/2024,12:14:03,,,
60,1525034,MID,0.0061,0.0015,0.0015,0.0016,1.067,6/24/2024,12:14:03,,,
60,1525034,TIP,0.0071,0.0015,0.0015,0.0026,1.733,6/24/2024,12:14:03,,,
61,1525034,REAR,0.0056,0.0015,0.0015,0.0011,0.733,6/24/2024,12:16:18,,,
61,1525034,BASE,0.0056,0.0015,0.0015,0.0011,0.733,6/24/2024,12:16:18,,,
61,1525034,MID,0.0063,0.0015,0.0015,0.0018,1.2,6/24/2024,12:16:18,,,
61,1525034,TIP,0.0063,0.0015,0.0015,0.0018,1.2,6/24/2024,12:16:18,,,
62,1525034,REAR,0.0054,0.0015,0.0015,0.0009,0.6,6/24/2024,12:17:11,,,
62,1525034,BASE,0.0053,0.0015,0.0015,0.0008,0.533,6/24/2024,12:17:11,,,
62,1525034,MID,0.0057,0.0015,0.0015,0.0012,0.8,6/24/2024,12:17:11,,,
62,1525034,TIP,0.0069,0.0015,0.0015,0.0024,1.6,6/24/2024,12:17:11,,,
63,1525034,REAR,0.0055,0.0015,0.0015,0.001,0.667,6/24/2024,12:18:03,,,
63,1525034,BASE,0.0054,0.0015,0.0015,0.0009,0.6,6/24/2024,12:18:03,,,
63,1525034,MID,0.0054,0.0015,0.0015,0.0009,0.6,6/24/2024,12:18:03,,,
63,1525034,TIP,0.0059,0.0015,0.0015,0.0014,0.933,6/24/2024,12:18:03,,,
64,1525034,REAR,0.0053,0.0015,0.0015,0.0008,0.533,6/24/2024,12:26:49,,,
64,1525034,BASE,0.005,0.0015,0.0015,0.0005,0.333,6/24/2024,12:26:49,,,
64,1525034,MID,0.0054,0.0015,0.0015,0.0009,0.6,6/24/2024,12:26:49,,,
64,1525034,TIP,0.0058,0.0015,0.0015,0.0013,0.867,6/24/2024,12:26:49,,,
65,1525034,REAR,0.0054,0.0015,0.0015,0.0009,0.6,6/24/2024,12:28:17,,,
65,1525034,BASE,0.0052,0.0015,0.0015,0.0007,0.467,6/24/2024,12:28:17,,,
65,1525034,MID,0.0055,0.0015,0.0015,0.001,0.667,6/24/2024,12:28:17,,,
65,1525034,TIP,0.0065,0.0015,0.0015,0.002,1.333,6/24/2024,12:28:17,,,
66,1525034,REAR,0.0054,0.0015,0.0015,0.0009,0.6,6/24/2024,12:30:10,,,
66,1525034,BASE,0.0051,0.0015,0.0015,0.0006,0.4,6/24/2024,12:30:10,,,
66,1525034,MID,0.0055,0.0015,0.0015,0.001,0.667,6/24/2024,12:30:10,,,
66,1525034,TIP,0.0063,0.0015,0.0015,0.0018,1.2,6/24/2024,12:30:10,,,
67,1525034,REAR,0.0067,0.0015,0.0015,0.0022,1.467,6/24/2024,12:31:18,,,
67,1525034,BASE,0.0065,0.0015,0.0015,0.002,1.333,6/24/2024,12:31:18,,,
67,1525034,MID,0.0054,0.0015,0.0015,0.0009,0.6,6/24/2024,12:31:18,,,
67,1525034,TIP,0.0054,0.0015,0.0015,0.0009,0.6,6/24/2024,12:31:18,,,
68,1525034,REAR,0.0066,0.0015,0.0015,0.0021,1.4,6/24/2024,12:33:04,,,
68,1525034,BASE,0.0067,0.0015,0.0015,0.0022,1.467,6/24/2024,12:33:04,,,
68,1525034,MID,0.0067,0.0015,0.0015,0.0022,1.467,6/24/2024,12:33:04,,,
68,1525034,TIP,0.0061,0.0015,0.0015,0.0016,1.067,6/24/2024,12:33:04,,,
69,1525034,REAR,0.0051,0.0015,0.0015,0.0006,0.4,6/24/2024,12:35:29,,,
69,1525034,BASE,0.0049,0.0015,0.0015,0.0004,0.267,6/24/2024,12:35:29,,,
69,1525034,MID,0.0054,0.0015,0.0015,0.0009,0.6,6/24/2024,12:35:29,,,
69,1525034,TIP,0.0069,0.0015,0.0015,0.0024,1.6,6/24/2024,12:35:29,,,
70,1525034,REAR,0.0075,0.0015,0.0015,0.003,2,6/24/2024,12:36:35,,,
70,1525034,BASE,0.0071,0.0015,0.0015,0.0026,1.733,6/24/2024,12:36:35,,,
70,1525034,MID,0.006,0.0015,0.0015,0.0015,1,6/24/2024,12:36:35,,,
70,1525034,TIP,0.0063,0.0015,0.0015,0.0018,1.2,6/24/2024,12:36:35,,,
71,1525034,REAR,0.0079,0.0015,0.0015,0.0034,2.267,6/24/2024,12:37:28,,,
71,1525034,BASE,0.0078,0.0015,0.0015,0.0033,2.2,6/24/2024,12:37:28,,,
71,1525034,MID,0.0047,0.0015,0.0015,0.0002,0.133,6/24/2024,12:37:28,,,
71,1525034,TIP,0.0056,0.0015,0.0015,0.0011,0.733,6/24/2024,12:37:28,,,
72,1525034,REAR,0.0052,0.0015,0.0015,0.0007,0.467,6/24/2024,12:39:08,,,
72,1525034,BASE,0.0049,0.0015,0.0015,0.0004,0.267,6/24/2024,12:39:08,,,
72,1525034,MID,0.0052,0.0015,0.0015,0.0007,0.467,6/24/2024,12:39:08,,,
72,1525034,TIP,0.0051,0.0015,0.0015,0.0006,0.4,6/24/2024,12:39:08,,,
73,1525034,REAR,0.0064,0.0015,0.0015,0.0019,1.267,6/24/2024,12:40:01,,,
73,1525034,BASE,0.0063,0.0015,0.0015,0.0018,1.2,6/24/2024,12:40:01,,,
73,1525034,MID,0.0052,0.0015,0.0015,0.0007,0.467,6/24/2024,12:40:01,,,
73,1525034,TIP,0.0051,0.0015,0.0015,0.0006,0.4,6/24/2024,12:40:01,,,
74,1525034,REAR,0.0065,0.0015,0.0015,0.002,1.333,6/24/2024,12:41:28,,,
74,1525034,BASE,0.0066,0.0015,0.0015,0.0021,1.4,6/24/2024,12:41:28,,,
74,1525034,MID,0.0065,0.0015,0.0015,0.002,1.333,6/24/2024,12:41:28,,,
74,1525034,TIP,0.0059,0.0015,0.0015,0.0014,0.933,6/24/2024,12:41:28,,,
75,1525034,REAR,0.0048,0.0015,0.0015,0.0003,0.2,6/24/2024,12:48:04,,,
75,1525034,BASE,0.0045,0.0015,0.0015,0,0,6/24/2024,12:48:04,,,
75,1525034,MID,0.0054,0.0015,0.0015,0.0009,0.6,6/24/2024,12:48:04,,,
75,1525034,TIP,0.0051,0.0015,0.0015,0.0006,0.4,6/24/2024,12:48:04,,,
76,1525034,REAR,0.0054,0.0015,0.0015,0.0009,0.6,6/24/2024,12:49:00,,,
76,1525034,BASE,0.0053,0.0015,0.0015,0.0008,0.533,6/24/2024,12:49:00,,,
76,1525034,MID,0.006,0.0015,0.0015,0.0015,1,6/24/2024,12:49:00,,,
76,1525034,TIP,0.0059,0.0015,0.0015,0.0014,0.933,6/24/2024,12:49:00,,,
77,1525034,REAR,0.0052,0.0015,0.0015,0.0007,0.467,6/24/2024,12:50:14,,,
77,1525034,BASE,0.0052,0.0015,0.0015,0.0007,0.467,6/24/2024,12:50:14,,,
77,1525034,MID,0.0061,0.0015,0.0015,0.0016,1.067,6/24/2024,12:50:14,,,
77,1525034,TIP,0.0069,0.0015,0.0015,0.0024,1.6,6/24/2024,12:50:14,,,
78,1525034,REAR,0.0079,0.0015,0.0015,0.0034,2.267,6/24/2024,12:57:04,,,
78,1525034,BASE,0.0072,0.0015,0.0015,0.0027,1.8,6/24/2024,12:57:04,,,
78,1525034,MID,0.0056,0.0015,0.0015,0.0011,0.733,6/24/2024,12:57:04,,,
78,1525034,TIP,0.0058,0.0015,0.0015,0.0013,0.867,6/24/2024,12:57:04,,,
79,1525034,REAR,0.0056,0.0015,0.0015,0.0011,0.733,6/24/2024,12:57:57,,,
79,1525034,BASE,0.0054,0.0015,0.0015,0.0009,0.6,6/24/2024,12:57:57,,,
79,1525034,MID,0.0061,0.0015,0.0015,0.0016,1.067,6/24/2024,12:57:57,,,
79,1525034,TIP,0.007,0.0015,0.0015,0.0025,1.667,6/24/2024,12:57:57,,,
80,1525034,REAR,0.0053,0.0015,0.0015,0.0008,0.533,6/25/2024,9:35:51,,,
80,1525034,BASE,0.0053,0.0015,0.0015,0.0008,0.533,6/25/2024,9:35:51,,,
80,1525034,MID,0.006,0.0015,0.0015,0.0015,1,6/25/2024,9:35:51,,,
80,1525034,TIP,0.0063,0.0015,0.0015,0.0018,1.2,6/25/2024,9:35:51,,,
81,1525034,REAR,0.0058,0.0015,0.0015,0.0013,0.867,6/25/2024,9:36:39,,,
81,1525034,BASE,0.0057,0.0015,0.0015,0.0012,0.8,6/25/2024,9:36:39,,,
81,1525034,MID,0.006,0.0015,0.0015,0.0015,1,6/25/2024,9:36:39,,,
81,1525034,TIP,0.0074,0.0015,0.0015,0.0029,1.933,6/25/2024,9:36:39,,,
82,1525034,REAR,0.0058,0.0015,0.0015,0.0013,0.867,6/25/2024,9:37:25,,,
82,1525034,BASE,0.0057,0.0015,0.0015,0.0012,0.8,6/25/2024,9:37:25,,,
82,1525034,MID,0.0065,0.0015,0.0015,0.002,1.333,6/25/2024,9:37:25,,,
82,1525034,TIP,0.0077,0.0015,0.0015,0.0032,2.133,6/25/2024,9:37:25,,,
83,1525034,REAR,0.0052,0.0015,0.0015,0.0007,0.467,6/25/2024,9:41:20,,,
83,1525034,BASE,0.005,0.0015,0.0015,0.0005,0.333,6/25/2024,9:41:20,,,
83,1525034,MID,0.0054,0.0015,0.0015,0.0009,0.6,6/25/2024,9:41:20,,,
83,1525034,TIP,0.0048,0.0015,0.0015,0.0003,0.2,6/25/2024,9:41:20,,,
84,1525034,REAR,0.0055,0.0015,0.0015,0.001,0.667,6/25/2024,9:42:14,,,
84,1525034,BASE,0.0054,0.0015,0.0015,0.0009,0.6,6/25/2024,9:42:14,,,
84,1525034,MID,0.0064,0.0015,0.0015,0.0019,1.267,6/25/2024,9:42:14,,,
84,1525034,TIP,0.0066,0.0015,0.0015,0.0021,1.4,6/25/2024,9:42:14,,,
85,1525034,REAR,0.0063,0.0015,0.0015,0.0018,1.2,6/25/2024,9:43:02,,,
85,1525034,BASE,0.0063,0.0015,0.0015,0.0018,1.2,6/25/2024,9:43:02,,,
85,1525034,MID,0.0068,0.0015,0.0015,0.0023,1.533,6/25/2024,9:43:02,,,
85,1525034,TIP,0.0073,0.0015,0.0015,0.0028,1.867,6/25/2024,9:43:02,,,
86,1525034,REAR,0.0053,0.0015,0.0015,0.0008,0.533,6/25/2024,9:47:06,,,
86,1525034,BASE,0.0052,0.0015,0.0015,0.0007,0.467,6/25/2024,9:47:06,,,
86,1525034,MID,0.0055,0.0015,0.0015,0.001,0.667,6/25/2024,9:47:06,,,
86,1525034,TIP,0.0062,0.0015,0.0015,0.0017,1.133,6/25/2024,9:47:06,,,
87,1525034,REAR,0.0054,0.0015,0.0015,0.0009,0.6,6/25/2024,9:47:51,,,
87,1525034,BASE,0.0053,0.0015,0.0015,0.0008,0.533,6/25/2024,9:47:51,,,
87,1525034,MID,0.0057,0.0015,0.0015,0.0012,0.8,6/25/2024,9:47:51,,,
87,1525034,TIP,0.0059,0.0015,0.0015,0.0014,0.933,6/25/2024,9:47:51,,,
88,1525034,REAR,0.0052,0.0015,0.0015,0.0007,0.467,6/25/2024,9:48:52,,,
88,1525034,BASE,0.0052,0.0015,0.0015,0.0007,0.467,6/25/2024,9:48:52,,,
88,1525034,MID,0.0062,0.0015,0.0015,0.0017,1.133,6/25/2024,9:48:52,,,
88,1525034,TIP,0.0057,0.0015,0.0015,0.0012,0.8,6/25/2024,9:48:52,,,
89,1525034,REAR,0.0053,0.0015,0.0015,0.0008,0.533,6/25/2024,9:52:12,,,
89,1525034,BASE,0.0054,0.0015,0.0015,0.0009,0.6,6/25/2024,9:52:12,,,
89,1525034,MID,0.0055,0.0015,0.0015,0.001,0.667,6/25/2024,9:52:12,,,
89,1525034,TIP,0.005,0.0015,0.0015,0.0005,0.333,6/25/2024,9:52:12,,,
90,1525034,REAR,0.0057,0.0015,0.0015,0.0012,0.8,6/25/2024,9:53:00,,,
90,1525034,BASE,0.0058,0.0015,0.0015,0.0013,0.867,6/25/2024,9:53:00,,,
90,1525034,MID,0.0062,0.0015,0.0015,0.0017,1.133,6/25/2024,9:53:00,,,
90,1525034,TIP,0.0069,0.0015,0.0015,0.0024,1.6,6/25/2024,9:53:00,,,
91,1525034,REAR,0.0053,0.0015,0.0015,0.0008,0.533,6/25/2024,9:53:47,,,
91,1525034,BASE,0.0052,0.0015,0.0015,0.0007,0.467,6/25/2024,9:53:47,,,
91,1525034,MID,0.0059,0.0015,0.0015,0.0014,0.933,6/25/2024,9:53:47,,,
91,1525034,TIP,0.007,0.0015,0.0015,0.0025,1.667,6/25/2024,9:53:47,,,
92,1525034,REAR,0.0057,0.0015,0.0015,0.0012,0.8,6/25/2024,9:56:24,,,
92,1525034,BASE,0.0057,0.0015,0.0015,0.0012,0.8,6/25/2024,9:56:24,,,
92,1525034,MID,0.0065,0.0015,0.0015,0.002,1.333,6/25/2024,9:56:24,,,
92,1525034,TIP,0.0072,0.0015,0.0015,0.0027,1.8,6/25/2024,9:56:24,,,
93,1525034,REAR,0.0057,0.0015,0.0015,0.0012,0.8,6/25/2024,9:57:08,,,
93,1525034,BASE,0.0059,0.0015,0.0015,0.0014,0.933,6/25/2024,9:57:08,,,
93,1525034,MID,0.0075,0.0015,0.0015,0.003,2,6/25/2024,9:57:08,,,
93,1525034,TIP,0.0081,0.0015,0.0015,0.0036,2.4,6/25/2024,9:57:08,,,
94,1525034,REAR,0.0056,0.0015,0.0015,0.0011,0.733,6/25/2024,9:57:57,,,
94,1525034,BASE,0.0056,0.0015,0.0015,0.0011,0.733,6/25/2024,9:57:57,,,
94,1525034,MID,0.0052,0.0015,0.0015,0.0007,0.467,6/25/2024,9:57:57,,,
94,1525034,TIP,0.0053,0.0015,0.0015,0.0008,0.533,6/25/2024,9:57:57,,,
95,1525034,REAR,0.0091,0.0015,0.0015,0.0046,3.067,6/25/2024,10:00:52,,,
95,1525034,BASE,0.0087,0.0015,0.0015,0.0042,2.8,6/25/2024,10:00:52,,,
95,1525034,MID,0.0064,0.0015,0.0015,0.0019,1.267,6/25/2024,10:00:52,,,
95,1525034,TIP,0.0062,0.0015,0.0015,0.0017,1.133,6/25/2024,10:00:52,,,
96,1525034,REAR,0.0061,0.0015,0.0015,0.0016,1.067,6/25/2024,10:01:39,,,
96,1525034,BASE,0.006,0.0015,0.0015,0.0015,1,6/25/2024,10:01:39,,,
96,1525034,MID,0.0064,0.0015,0.0015,0.0019,1.267,6/25/2024,10:01:39,,,
96,1525034,TIP,0.0069,0.0015,0.0015,0.0024,1.6,6/25/2024,10:01:39,,,
97,1525034,REAR,0.0079,0.0015,0.0015,0.0034,2.267,6/25/2024,10:02:27,,,
97,1525034,BASE,0.0075,0.0015,0.0015,0.003,2,6/25/2024,10:02:27,,,
97,1525034,MID,0.006,0.0015,0.0015,0.0015,1,6/25/2024,10:02:27,,,
97,1525034,TIP,0.0055,0.0015,0.0015,0.001,0.667,6/25/2024,10:02:27,,,
98,1525034,REAR,0.0055,0.0015,0.0015,0.001,0.667,6/25/2024,10:05:22,,,
98,1525034,BASE,0.0053,0.0015,0.0015,0.0008,0.533,6/25/2024,10:05:22,,,
98,1525034,MID,0.0057,0.0015,0.0015,0.0012,0.8,6/25/2024,10:05:22,,,
98,1525034,TIP,0.0051,0.0015,0.0015,0.0006,0.4,6/25/2024,10:05:22,,,
99,1525034,REAR,0.006,0.0015,0.0015,0.0015,1,6/25/2024,10:06:10,,,
99,1525034,BASE,0.0058,0.0015,0.0015,0.0013,0.867,6/25/2024,10:06:10,,,
99,1525034,MID,0.0061,0.0015,0.0015,0.0016,1.067,6/25/2024,10:06:10,,,
99,1525034,TIP,0.0067,0.0015,0.0015,0.0022,1.467,6/25/2024,10:06:10,,,
100,1525034,REAR,0.0058,0.0015,0.0015,0.0013,0.867,6/25/2024,10:06:55,,,
100,1525034,BASE,0.0058,0.0015,0.0015,0.0013,0.867,6/25/2024,10:06:55,,,
100,1525034,MID,0.0063,0.0015,0.0015,0.0018,1.2,6/25/2024,10:06:55,,,
100,1525034,TIP,0.007,0.0015,0.0015,0.0025,1.667,6/25/2024,10:06:55,,,
101,1525034,REAR,0.0053,0.0015,0.0015,0.0008,0.533,6/25/2024,10:09:29,,,
101,1525034,BASE,0.0052,0.0015,0.0015,0.0007,0.467,6/25/2024,10:09:29,,,
101,1525034,MID,0.0057,0.0015,0.0015,0.0012,0.8,6/25/2024,10:09:29,,,
101,1525034,TIP,0.0061,0.0015,0.0015,0.0016,1.067,6/25/2024,10:09:29,,,
102,1525034,REAR,0.0053,0.0015,0.0015,0.0008,0.533,6/25/2024,10:10:17,,,
102,1525034,BASE,0.0052,0.0015,0.0015,0.0007,0.467,6/25/2024,10:10:17,,,
102,1525034,MID,0.0053,0.0015,0.0015,0.0008,0.533,6/25/2024,10:10:17,,,
102,1525034,TIP,0.0062,0.0015,0.0015,0.0017,1.133,6/25/2024,10:10:17,,,
103,1525034,REAR,0.0056,0.0015,0.0015,0.0011,0.733,6/25/2024,10:11:35,,,
103,1525034,BASE,0.0057,0.0015,0.0015,0.0012,0.8,6/25/2024,10:11:35,,,
103,1525034,MID,0.0067,0.0015,0.0015,0.0022,1.467,6/25/2024,10:11:35,,,
103,1525034,TIP,0.0084,0.0015,0.0015,0.0039,2.6,6/25/2024,10:11:35,,,
104,1525034,REAR,0.0033,0.0015,0.0015,-0.0012,-0.8,6/25/2024,10:17:10,,,
104,1525034,BASE,0.0021,0.0015,0.0015,-0.0024,-1.6,6/25/2024,10:17:10,,,
104,1525034,MID,0.0082,0.0015,0.0015,0.0037,2.467,6/25/2024,10:17:10,,,
104,1525034,TIP,0.1131,0.0015,0.0015,0.1086,72.4,6/25/2024,10:17:10,,,
105,1525034,REAR,0.0054,0.0015,0.0015,0.0009,0.6,6/25/2024,10:20:33,,,
105,1525034,BASE,0.0055,0.0015,0.0015,0.001,0.667,6/25/2024,10:20:33,,,
105,1525034,MID,0.0058,0.0015,0.0015,0.0013,0.867,6/25/2024,10:20:33,,,
105,1525034,TIP,0.0065,0.0015,0.0015,0.002,1.333,6/25/2024,10:20:33,,,
106,1525034,REAR,0.0051,0.0015,0.0015,0.0006,0.4,6/25/2024,10:21:18,,,
106,1525034,BASE,0.005,0.0015,0.0015,0.0005,0.333,6/25/2024,10:21:18,,,
106,1525034,MID,0.0053,0.0015,0.0015,0.0008,0.533,6/25/2024,10:21:18,,,
106,1525034,TIP,0.0067,0.0015,0.0015,0.0022,1.467,6/25/2024,10:21:18,,,
107,1525034,REAR,0.0065,0.0015,0.0015,0.002,1.333,6/25/2024,10:22:07,,,
107,1525034,BASE,0.0066,0.0015,0.0015,0.0021,1.4,6/25/2024,10:22:07,,,
107,1525034,MID,0.0067,0.0015,0.0015,0.0022,1.467,6/25/2024,10:22:07,,,
107,1525034,TIP,0.0068,0.0015,0.0015,0.0023,1.533,6/25/2024,10:22:07,,,
108,1525034,REAR,0.006,0.0015,0.0015,0.0015,1,6/25/2024,10:24:52,,,
108,1525034,BASE,0.006,0.0015,0.0015,0.0015,1,6/25/2024,10:24:52,,,
108,1525034,MID,0.0071,0.0015,0.0015,0.0026,1.733,6/25/2024,10:24:52,,,
108,1525034,TIP,0.0083,0.0015,0.0015,0.0038,2.533,6/25/2024,10:24:52,,,
109,1525034,REAR,0.0062,0.0015,0.0015,0.0017,1.133,6/25/2024,10:25:39,,,
109,1525034,BASE,0.0062,0.0015,0.0015,0.0017,1.133,6/25/2024,10:25:39,,,
109,1525034,MID,0.0065,0.0015,0.0015,0.002,1.333,6/25/2024,10:25:39,,,
109,1525034,TIP,0.0073,0.0015,0.0015,0.0028,1.867,6/25/2024,10:25:39,,,
110,1525034,REAR,0.0052,0.0015,0.0015,0.0007,0.467,6/25/2024,10:26:28,,,
110,1525034,BASE,0.0048,0.0015,0.0015,0.0003,0.2,6/25/2024,10:26:28,,,
110,1525034,MID,0.0058,0.0015,0.0015,0.0013,0.867,6/25/2024,10:26:28,,,
110,1525034,TIP,0.0071,0.0015,0.0015,0.0026,1.733,6/25/2024,10:26:28,,,
111,1525034,REAR,0.0058,0.0015,0.0015,0.0013,0.867,6/25/2024,10:29:39,,,
111,1525034,BASE,0.0057,0.0015,0.0015,0.0012,0.8,6/25/2024,10:29:39,,,
111,1525034,MID,0.0064,0.0015,0.0015,0.0019,1.267,6/25/2024,10:29:39,,,
111,1525034,TIP,0.0075,0.0015,0.0015,0.003,2,6/25/2024,10:29:39,,,
112,1525034,REAR,0.0062,0.0015,0.0015,0.0017,1.133,6/25/2024,10:30:28,,,
112,1525034,BASE,0.0064,0.0015,0.0015,0.0019,1.267,6/25/2024,10:30:28,,,
112,1525034,MID,0.0048,0.0015,0.0015,0.0003,0.2,6/25/2024,10:30:28,,,
112,1525034,TIP,0.0056,0.0015,0.0015,0.0011,0.733,6/25/2024,10:30:28,,,
113,1525034,REAR,0.0059,0.0015,0.0015,0.0014,0.933,6/25/2024,10:31:14,,,
113,1525034,BASE,0.0059,0.0015,0.0015,0.0014,0.933,6/25/2024,10:31:14,,,
113,1525034,MID,0.0063,0.0015,0.0015,0.0018,1.2,6/25/2024,10:31:14,,,
113,1525034,TIP,0.0067,0.0015,0.0015,0.0022,1.467,6/25/2024,10:31:14,,,
114,1525034,REAR,0.0053,0.0015,0.0015,0.0008,0.533,6/25/2024,11:06:09,,,
114,1525034,BASE,0.0053,0.0015,0.0015,0.0008,0.533,6/25/2024,11:06:09,,,
114,1525034,MID,0.0058,0.0015,0.0015,0.0013,0.867,6/25/2024,11:06:09,,,
114,1525034,TIP,0.0069,0.0015,0.0015,0.0024,1.6,6/25/2024,11:06:09,,,
115,1525034,REAR,0.0058,0.0015,0.0015,0.0013,0.867,6/25/2024,11:07:00,,,
115,1525034,BASE,0.0058,0.0015,0.0015,0.0013,0.867,6/25/2024,11:07:00,,,
115,1525034,MID,0.006,0.0015,0.0015,0.0015,1,6/25/2024,11:07:00,,,
115,1525034,TIP,0.0063,0.0015,0.0015,0.0018,1.2,6/25/2024,11:07:00,,,
116,1525034,REAR,0.0055,0.0015,0.0015,0.001,0.667,6/25/2024,11:07:48,,,
116,1525034,BASE,0.0054,0.0015,0.0015,0.0009,0.6,6/25/2024,11:07:48,,,
116,1525034,MID,0.0057,0.0015,0.0015,0.0012,0.8,6/25/2024,11:07:48,,,
116,1525034,TIP,0.0063,0.0015,0.0015,0.0018,1.2,6/25/2024,11:07:48,,,
117,1525034,REAR,0.0062,0.0015,0.0015,0.0017,1.133,6/25/2024,11:10:28,,,
117,1525034,BASE,0.0062,0.0015,0.0015,0.0017,1.133,6/25/2024,11:10:28,,,
117,1525034,MID,0.0061,0.0015,0.0015,0.0016,1.067,6/25/2024,11:10:28,,,
117,1525034,TIP,0.0064,0.0015,0.0015,0.0019,1.267,6/25/2024,11:10:28,,,
118,1525034,REAR,0.0054,0.0015,0.0015,0.0009,0.6,6/25/2024,11:11:14,,,
118,1525034,BASE,0.0053,0.0015,0.0015,0.0008,0.533,6/25/2024,11:11:14,,,
118,1525034,MID,0.0063,0.0015,0.0015,0.0018,1.2,6/25/2024,11:11:14,,,
118,1525034,TIP,0.0072,0.0015,0.0015,0.0027,1.8,6/25/2024,11:11:14,,,
119,1525034,REAR,0.0052,0.0015,0.0015,0.0007,0.467,6/25/2024,11:12:01,,,
119,1525034,BASE,0.0051,0.0015,0.0015,0.0006,0.4,6/25/2024,11:12:01,,,
119,1525034,MID,0.0057,0.0015,0.0015,0.0012,0.8,6/25/2024,11:12:01,,,
119,1525034,TIP,0.0073,0.0015,0.0015,0.0028,1.867,6/25/2024,11:12:01,,,
120,1525034,REAR,0.0054,0.0015,0.0015,0.0009,0.6,6/25/2024,11:14:41,,,
120,1525034,BASE,0.0054,0.0015,0.0015,0.0009,0.6,6/25/2024,11:14:41,,,
120,1525034,MID,0.0064,0.0015,0.0015,0.0019,1.267,6/25/2024,11:14:41,,,
120,1525034,TIP,0.0071,0.0015,0.0015,0.0026,1.733,6/25/2024,11:14:41,,,
121,1525034,REAR,0.0058,0.0015,0.0015,0.0013,0.867,6/25/2024,11:15:27,,,
121,1525034,BASE,0.0057,0.0015,0.0015,0.0012,0.8,6/25/2024,11:15:27,,,
121,1525034,MID,0.0063,0.0015,0.0015,0.0018,1.2,6/25/2024,11:15:27,,,
121,1525034,TIP,0.0072,0.0015,0.0015,0.0027,1.8,6/25/2024,11:15:27,,,
122,1525034,REAR,0.0054,0.0015,0.0015,0.0009,0.6,6/25/2024,11:16:15,,,
122,1525034,BASE,0.0055,0.0015,0.0015,0.001,0.667,6/25/2024,11:16:15,,,
122,1525034,MID,0.007,0.0015,0.0015,0.0025,1.667,6/25/2024,11:16:15,,,
122,1525034,TIP,0.0083,0.0015,0.0015,0.0038,2.533,6/25/2024,11:16:15,,,
123,1525034,REAR,0.0054,0.0015,0.0015,0.0009,0.6,6/25/2024,11:19:08,,,
123,1525034,BASE,0.0052,0.0015,0.0015,0.0007,0.467,6/25/2024,11:19:08,,,
123,1525034,MID,0.0058,0.0015,0.0015,0.0013,0.867,6/25/2024,11:19:08,,,
123,1525034,TIP,0.0063,0.0015,0.0015,0.0018,1.2,6/25/2024,11:19:08,,,
124,1525034,REAR,0.005,0.0015,0.0015,0.0005,0.333,6/25/2024,11:20:07,,,
124,1525034,BASE,0.0048,0.0015,0.0015,0.0003,0.2,6/25/2024,11:20:07,,,
124,1525034,MID,0.005,0.0015,0.0015,0.0005,0.333,6/25/2024,11:20:07,,,
124,1525034,TIP,0.0063,0.0015,0.0015,0.0018,1.2,6/25/2024,11:20:07,,,
125,1525034,REAR,0.0052,0.0015,0.0015,0.0007,0.467,6/25/2024,11:20:50,,,
125,1525034,BASE,0.0052,0.0015,0.0015,0.0007,0.467,6/25/2024,11:20:50,,,
125,1525034,MID,0.0057,0.0015,0.0015,0.0012,0.8,6/25/2024,11:20:50,,,
125,1525034,TIP,0.0061,0.0015,0.0015,0.0016,1.067,6/25/2024,11:20:50,,,
126,1525034,REAR,0.0054,0.0015,0.0015,0.0009,0.6,6/25/2024,11:23:56,,,
126,1525034,BASE,0.0054,0.0015,0.0015,0.0009,0.6,6/25/2024,11:23:56,,,
126,1525034,MID,0.0061,0.0015,0.0015,0.0016,1.067,6/25/2024,11:23:56,,,
126,1525034,TIP,0.0069,0.0015,0.0015,0.0024,1.6,6/25/2024,11:23:56,,,
127,1525034,REAR,0.0053,0.0015,0.0015,0.0008,0.533,6/25/2024,11:24:47,,,
127,1525034,BASE,0.0053,0.0015,0.0015,0.0008,0.533,6/25/2024,11:24:47,,,
127,1525034,MID,0.0061,0.0015,0.0015,0.0016,1.067,6/25/2024,11:24:47,,,
127,1525034,TIP,0.0071,0.0015,0.0015,0.0026,1.733,6/25/2024,11:24:47,,,
128,1525034,REAR,0.0053,0.0015,0.0015,0.0008,0.533,6/25/2024,11:25:37,,,
128,1525034,BASE,0.0053,0.0015,0.0015,0.0008,0.533,6/25/2024,11:25:37,,,
128,1525034,MID,0.006,0.0015,0.0015,0.0015,1,6/25/2024,11:25:37,,,
128,1525034,TIP,0.0069,0.0015,0.0015,0.0024,1.6,6/25/2024,11:25:37,,,
129,1525034,REAR,0.0061,0.0015,0.0015,0.0016,1.067,6/25/2024,11:28:28,,,
129,1525034,BASE,0.0062,0.0015,0.0015,0.0017,1.133,6/25/2024,11:28:28,,,
129,1525034,MID,0.0068,0.0015,0.0015,0.0023,1.533,6/25/2024,11:28:28,,,
129,1525034,TIP,0.0078,0.0015,0.0015,0.0033,2.2,6/25/2024,11:28:28,,,
130,1525034,REAR,0.0055,0.0015,0.0015,0.001,0.667,6/25/2024,11:29:15,,,
130,1525034,BASE,0.0055,0.0015,0.0015,0.001,0.667,6/25/2024,11:29:15,,,
130,1525034,MID,0.0056,0.0015,0.0015,0.0011,0.733,6/25/2024,11:29:15,,,
130,1525034,TIP,0.0052,0.0015,0.0015,0.0007,0.467,6/25/2024,11:29:15,,,
131,1525034,REAR,0.0054,0.0015,0.0015,0.0009,0.6,6/25/2024,11:30:02,,,
131,1525034,BASE,0.0054,0.0015,0.0015,0.0009,0.6,6/25/2024,11:30:02,,,
131,1525034,MID,0.0062,0.0015,0.0015,0.0017,1.133,6/25/2024,11:30:02,,,
131,1525034,TIP,0.007,0.0015,0.0015,0.0025,1.667,6/25/2024,11:30:02,,,
132,1525034,REAR,0.0053,0.0015,0.0015,0.0008,0.533,6/25/2024,11:33:22,,,
132,1525034,BASE,0.0052,0.0015,0.0015,0.0007,0.467,6/25/2024,11:33:22,,,
132,1525034,MID,0.0058,0.0015,0.0015,0.0013,0.867,6/25/2024,11:33:22,,,
132,1525034,TIP,0.0068,0.0015,0.0015,0.0023,1.533,6/25/2024,11:33:22,,,
133,1525034,REAR,0.0047,0.0015,0.0015,0.0002,0.133,6/25/2024,11:34:14,,,
133,1525034,BASE,0.0042,0.0015,0.0015,-0.0003,-0.2,6/25/2024,11:34:14,,,
133,1525034,MID,0.0051,0.0015,0.0015,0.0006,0.4,6/25/2024,11:34:14,,,
133,1525034,TIP,0.0051,0.0015,0.0015,0.0006,0.4,6/25/2024,11:34:14,,,
134,1525034,REAR,0.0053,0.0015,0.0015,0.0008,0.533,6/25/2024,11:35:26,,,
134,1525034,BASE,0.0052,0.0015,0.0015,0.0007,0.467,6/25/2024,11:35:26,,,
134,1525034,MID,0.0062,0.0015,0.0015,0.0017,1.133,6/25/2024,11:35:26,,,
134,1525034,TIP,0.0053,0.0015,0.0015,0.0008,0.533,6/25/2024,11:35:26,,,
135,1525034,REAR,0.0055,0.0015,0.0015,0.001,0.667,6/25/2024,11:38:19,,,
135,1525034,BASE,0.0054,0.0015,0.0015,0.0009,0.6,6/25/2024,11:38:19,,,
135,1525034,MID,0.0056,0.0015,0.0015,0.0011,0.733,6/25/2024,11:38:19,,,
135,1525034,TIP,0.007,0.0015,0.0015,0.0025,1.667,6/25/2024,11:38:19,,,
136,1525034,REAR,0.0057,0.0015,0.0015,0.0012,0.8,6/25/2024,11:39:32,,,
136,1525034,BASE,0.0058,0.0015,0.0015,0.0013,0.867,6/25/2024,11:39:32,,,
136,1525034,MID,0.0068,0.0015,0.0015,0.0023,1.533,6/25/2024,11:39:32,,,
136,1525034,TIP,0.0073,0.0015,0.0015,0.0028,1.867,6/25/2024,11:39:32,,,
137,1525034,REAR,0.0052,0.0015,0.0015,0.0007,0.467,6/25/2024,11:40:20,,,
137,1525034,BASE,0.0051,0.0015,0.0015,0.0006,0.4,6/25/2024,11:40:20,,,
137,1525034,MID,0.0063,0.0015,0.0015,0.0018,1.2,6/25/2024,11:40:20,,,
137,1525034,TIP,0.0075,0.0015,0.0015,0.003,2,6/25/2024,11:40:20,,,
138,1525034,REAR,0.0057,0.0015,0.0015,0.0012,0.8,6/25/2024,11:42:54,,,
138,1525034,BASE,0.0056,0.0015,0.0015,0.0011,0.733,6/25/2024,11:42:54,,,
138,1525034,MID,0.0066,0.0015,0.0015,0.0021,1.4,6/25/2024,11:42:54,,,
138,1525034,TIP,0.0062,0.0015,0.0015,0.0017,1.133,6/25/2024,11:42:54,,,
139,1525034,REAR,0.0053,0.0015,0.0015,0.0008,0.533,6/25/2024,11:43:37,,,
139,1525034,BASE,0.0051,0.0015,0.0015,0.0006,0.4,6/25/2024,11:43:37,,,
139,1525034,MID,0.006,0.0015,0.0015,0.0015,1,6/25/2024,11:43:37,,,
139,1525034,TIP,0.0067,0.0015,0.0015,0.0022,1.467,6/25/2024,11:43:37,,,
140,1525034,REAR,0.0058,0.0015,0.0015,0.0013,0.867,6/25/2024,11:44:23,,,
140,1525034,BASE,0.0055,0.0015,0.0015,0.001,0.667,6/25/2024,11:44:23,,,
140,1525034,MID,0.006,0.0015,0.0015,0.0015,1,6/25/2024,11:44:23,,,
140,1525034,TIP,0.0073,0.0015,0.0015,0.0028,1.867,6/25/2024,11:44:23,,,
141,1525034,REAR,0.005,0.0015,0.0015,0.0005,0.333,6/25/2024,11:46:46,,,
141,1525034,BASE,0.0049,0.0015,0.0015,0.0004,0.267,6/25/2024,11:46:46,,,
141,1525034,MID,0.0056,0.0015,0.0015,0.0011,0.733,6/25/2024,11:46:46,,,
141,1525034,TIP,0.0064,0.0015,0.0015,0.0019,1.267,6/25/2024,11:46:46,,,
142,1525034,REAR,0.0068,0.0015,0.0015,0.0023,1.533,6/25/2024,11:47:33,,,
142,1525034,BASE,0.0065,0.0015,0.0015,0.002,1.333,6/25/2024,11:47:33,,,
142,1525034,MID,0.0059,0.0015,0.0015,0.0014,0.933,6/25/2024,11:47:33,,,
142,1525034,TIP,0.0066,0.0015,0.0015,0.0021,1.4,6/25/2024,11:47:33,,,
143,1525034,REAR,0.0053,0.0015,0.0015,0.0008,0.533,6/25/2024,11:49:00,,,
143,1525034,BASE,0.0052,0.0015,0.0015,0.0007,0.467,6/25/2024,11:49:00,,,
143,1525034,MID,0.0055,0.0015,0.0015,0.001,0.667,6/25/2024,11:49:00,,,
143,1525034,TIP,0.0056,0.0015,0.0015,0.0011,0.733,6/25/2024,11:49:00,,,
144,1525034,REAR,0.0054,0.0015,0.0015,0.0009,0.6,6/25/2024,11:51:26,,,
144,1525034,BASE,0.0055,0.0015,0.0015,0.001,0.667,6/25/2024,11:51:26,,,
144,1525034,MID,0.0067,0.0015,0.0015,0.0022,1.467,6/25/2024,11:51:26,,,
144,1525034,TIP,0.0073,0.0015,0.0015,0.0028,1.867,6/25/2024,11:51:26,,,
145,1525034,REAR,0.0057,0.0015,0.0015,0.0012,0.8,6/25/2024,11:52:09,,,
145,1525034,BASE,0.0055,0.0015,0.0015,0.001,0.667,6/25/2024,11:52:09,,,
145,1525034,MID,0.006,0.0015,0.0015,0.0015,1,6/25/2024,11:52:09,,,
145,1525034,TIP,0.0066,0.0015,0.0015,0.0021,1.4,6/25/2024,11:52:09,,,
146,1525034,REAR,0.0056,0.0015,0.0015,0.0011,0.733,6/25/2024,11:53:02,,,
146,1525034,BASE,0.0056,0.0015,0.0015,0.0011,0.733,6/25/2024,11:53:02,,,
146,1525034,MID,0.0061,0.0015,0.0015,0.0016,1.067,6/25/2024,11:53:02,,,
146,1525034,TIP,0.0073,0.0015,0.0015,0.0028,1.867,6/25/2024,11:53:02,,,
147,1525034,REAR,0.0051,0.0015,0.0015,0.0006,0.4,6/25/2024,11:55:31,,,
147,1525034,BASE,0.0049,0.0015,0.0015,0.0004,0.267,6/25/2024,11:55:31,,,
147,1525034,MID,0.0056,0.0015,0.0015,0.0011,0.733,6/25/2024,11:55:31,,,
147,1525034,TIP,0.0058,0.0015,0.0015,0.0013,0.867,6/25/2024,11:55:31,,,
148,1525034,REAR,0.005,0.0015,0.0015,0.0005,0.333,6/25/2024,11:56:17,,,
148,1525034,BASE,0.0047,0.0015,0.0015,0.0002,0.133,6/25/2024,11:56:17,,,
148,1525034,MID,0.0052,0.0015,0.0015,0.0007,0.467,6/25/2024,11:56:17,,,
148,1525034,TIP,0.0065,0.0015,0.0015,0.002,1.333,6/25/2024,11:56:17,,,
149,1525034,REAR,0.0053,0.0015,0.0015,0.0008,0.533,6/25/2024,11:57:06,,,
149,1525034,BASE,0.0052,0.0015,0.0015,0.0007,0.467,6/25/2024,11:57:06,,,
149,1525034,MID,0.0059,0.0015,0.0015,0.0014,0.933,6/25/2024,11:57:06,,,
149,1525034,TIP,0.0058,0.0015,0.0015,0.0013,0.867,6/25/2024,11:57:06,,,
150,1525034,REAR,0.0055,0.0015,0.0015,0.001,0.667,6/25/2024,11:59:20,,,
150,1525034,BASE,0.0054,0.0015,0.0015,0.0009,0.6,6/25/2024,11:59:20,,,
150,1525034,MID,0.0061,0.0015,0.0015,0.0016,1.067,6/25/2024,11:59:20,,,
150,1525034,TIP,0.0072,0.0015,0.0015,0.0027,1.8,6/25/2024,11:59:20,,,
151,1525034,REAR,0.0056,0.0015,0.0015,0.0011,0.733,6/25/2024,12:00:07,,,
151,1525034,BASE,0.0055,0.0015,0.0015,0.001,0.667,6/25/2024,12:00:07,,,
151,1525034,MID,0.0067,0.0015,0.0015,0.0022,1.467,6/25/2024,12:00:07,,,
151,1525034,TIP,0.0079,0.0015,0.0015,0.0034,2.267,6/25/2024,12:00:07,,,
152,1525034,REAR,0.0059,0.0015,0.0015,0.0014,0.933,6/25/2024,12:00:55,,,
152,1525034,BASE,0.0059,0.0015,0.0015,0.0014,0.933,6/25/2024,12:00:55,,,
152,1525034,MID,0.0065,0.0015,0.0015,0.002,1.333,6/25/2024,12:00:55,,,
152,1525034,TIP,0.0075,0.0015,0.0015,0.003,2,6/25/2024,12:00:55,,,
153,1525034,REAR,0.0058,0.0015,0.0015,0.0013,0.867,6/25/2024,12:02:56,,,
153,1525034,BASE,0.0061,0.0015,0.0015,0.0016,1.067,6/25/2024,12:02:56,,,
153,1525034,MID,0.0067,0.0015,0.0015,0.0022,1.467,6/25/2024,12:02:56,,,
153,1525034,TIP,0.0081,0.0015,0.0015,0.0036,2.4,6/25/2024,12:02:56,,,
154,1525034,REAR,0.0062,0.0015,0.0015,0.0017,1.133,6/25/2024,13:47:14,,,
154,1525034,BASE,0.006,0.0015,0.0015,0.0015,1,6/25/2024,13:47:14,,,
154,1525034,MID,0.0064,0.0015,0.0015,0.0019,1.267,6/25/2024,13:47:14,,,
154,1525034,TIP,0.0066,0.0015,0.0015,0.0021,1.4,6/25/2024,13:47:14,,,
155,1525034,REAR,0.0055,0.0015,0.0015,0.001,0.667,6/25/2024,13:48:18,,,
155,1525034,BASE,0.0055,0.0015,0.0015,0.001,0.667,6/25/2024,13:48:18,,,
155,1525034,MID,0.0056,0.0015,0.0015,0.0011,0.733,6/25/2024,13:48:18,,,
155,1525034,TIP,0.0055,0.0015,0.0015,0.001,0.667,6/25/2024,13:48:18,,,
156,1525034,REAR,0.0089,0.0015,0.0015,0.0044,2.933,6/25/2024,13:50:52,,,
156,1525034,BASE,0.0085,0.0015,0.0015,0.004,2.667,6/25/2024,13:50:52,,,
156,1525034,MID,0.0064,0.0015,0.0015,0.0019,1.267,6/25/2024,13:50:52,,,
156,1525034,TIP,0.0056,0.0015,0.0015,0.0011,0.733,6/25/2024,13:50:52,,,
157,1525034,REAR,0.0061,0.0015,0.0015,0.0016,1.067,6/25/2024,13:52:05,,,
157,1525034,BASE,0.006,0.0015,0.0015,0.0015,1,6/25/2024,13:52:05,,,
157,1525034,MID,0.0063,0.0015,0.0015,0.0018,1.2,6/25/2024,13:52:05,,,
157,1525034,TIP,0.0064,0.0015,0.0015,0.0019,1.267,6/25/2024,13:52:05,,,
158,1525034,REAR,0.0055,0.0015,0.0015,0.001,0.667,6/25/2024,13:53:05,,,
158,1525034,BASE,0.0055,0.0015,0.0015,0.001,0.667,6/25/2024,13:53:05,,,
158,1525034,MID,0.0057,0.0015,0.0015,0.0012,0.8,6/25/2024,13:53:05,,,
158,1525034,TIP,0.0055,0.0015,0.0015,0.001,0.667,6/25/2024,13:53:05,,,
159,1525034,REAR,0.005,0.0015,0.0015,0.0005,0.333,6/25/2024,13:57:09,,,
159,1525034,BASE,0.0048,0.0015,0.0015,0.0003,0.2,6/25/2024,13:57:09,,,
159,1525034,MID,0.0047,0.0015,0.0015,0.0002,0.133,6/25/2024,13:57:09,,,
159,1525034,TIP,0.0058,0.0015,0.0015,0.0013,0.867,6/25/2024,13:57:09,,,
160,1525034,REAR,0.0051,0.0015,0.0015,0.0006,0.4,6/25/2024,13:58:05,,,
160,1525034,BASE,0.0048,0.0015,0.0015,0.0003,0.2,6/25/2024,13:58:05,,,
160,1525034,MID,0.0051,0.0015,0.0015,0.0006,0.4,6/25/2024,13:58:05,,,
160,1525034,TIP,0.0063,0.0015,0.0015,0.0018,1.2,6/25/2024,13:58:05,,,
161,1525034,REAR,0.0051,0.0015,0.0015,0.0006,0.4,6/25/2024,13:59:03,,,
161,1525034,BASE,0.005,0.0015,0.0015,0.0005,0.333,6/25/2024,13:59:03,,,
161,1525034,MID,0.0052,0.0015,0.0015,0.0007,0.467,6/25/2024,13:59:03,,,
161,1525034,TIP,0.0058,0.0015,0.0015,0.0013,0.867,6/25/2024,13:59:03,,,
162,1525034,REAR,0.0053,0.0015,0.0015,0.0008,0.533,6/25/2024,14:03:34,,,
162,1525034,BASE,0.0053,0.0015,0.0015,0.0008,0.533,6/25/2024,14:03:34,,,
162,1525034,MID,0.0058,0.0015,0.0015,0.0013,0.867,6/25/2024,14:03:34,,,
162,1525034,TIP,0.0065,0.0015,0.0015,0.002,1.333,6/25/2024,14:03:34,,,
163,1525034,REAR,0.0046,0.0015,0.0015,0.0001,0.067,6/25/2024,14:04:25,,,
163,1525034,BASE,0.0042,0.0015,0.0015,-0.0003,-0.2,6/25/2024,14:04:25,,,
163,1525034,MID,0.0049,0.0015,0.0015,0.0004,0.267,6/25/2024,14:04:25,,,
163,1525034,TIP,0.0041,0.0015,0.0015,-0.0004,-0.267,6/25/2024,14:04:25,,,
164,1525034,REAR,0.0063,0.0015,0.0015,0.0018,1.2,6/25/2024,14:05:14,,,
164,1525034,BASE,0.0066,0.0015,0.0015,0.0021,1.4,6/25/2024,14:05:14,,,
164,1525034,MID,0.0074,0.0015,0.0015,0.0029,1.933,6/25/2024,14:05:14,,,
164,1525034,TIP,0.006,0.0015,0.0015,0.0015,1,6/25/2024,14:05:14,,,
165,1525034,REAR,0.0059,0.0015,0.0015,0.0014,0.933,6/25/2024,14:08:26,,,
165,1525034,BASE,0.006,0.0015,0.0015,0.0015,1,6/25/2024,14:08:26,,,
165,1525034,MID,0.0068,0.0015,0.0015,0.0023,1.533,6/25/2024,14:08:26,,,
165,1525034,TIP,0.0052,0.0015,0.0015,0.0007,0.467,6/25/2024,14:08:26,,,
166,1525034,REAR,0.0056,0.0015,0.0015,0.0011,0.733,6/25/2024,14:09:19,,,
166,1525034,BASE,0.0055,0.0015,0.0015,0.001,0.667,6/25/2024,14:09:19,,,
166,1525034,MID,0.006,0.0015,0.0015,0.0015,1,6/25/2024,14:09:19,,,
166,1525034,TIP,0.0066,0.0015,0.0015,0.0021,1.4,6/25/2024,14:09:19,,,
167,1525034,REAR,0.0093,0.0015,0.0015,0.0048,3.2,6/25/2024,14:10:14,,,
167,1525034,BASE,0.0087,0.0015,0.0015,0.0042,2.8,6/25/2024,14:10:14,,,
167,1525034,MID,0.0062,0.0015,0.0015,0.0017,1.133,6/25/2024,14:10:14,,,
167,1525034,TIP,0.0062,0.0015,0.0015,0.0017,1.133,6/25/2024,14:10:14,,,
168,1525034,REAR,0.0065,0.0015,0.0015,0.002,1.333,6/25/2024,14:12:26,,,
168,1525034,BASE,0.0064,0.0015,0.0015,0.0019,1.267,6/25/2024,14:12:26,,,
168,1525034,MID,0.006,0.0015,0.0015,0.0015,1,6/25/2024,14:12:26,,,
168,1525034,TIP,0.0061,0.0015,0.0015,0.0016,1.067,6/25/2024,14:12:26,,,
169,1525034,REAR,0.0058,0.0015,0.0015,0.0013,0.867,6/25/2024,14:13:25,,,
169,1525034,BASE,0.006,0.0015,0.0015,0.0015,1,6/25/2024,14:13:25,,,
169,1525034,MID,0.0068,0.0015,0.0015,0.0023,1.533,6/25/2024,14:13:25,,,
169,1525034,TIP,0.0073,0.0015,0.0015,0.0028,1.867,6/25/2024,14:13:25,,,
170,1525034,REAR,0.0052,0.0015,0.0015,0.0007,0.467,6/25/2024,14:14:15,,,
170,1525034,BASE,0.0051,0.0015,0.0015,0.0006,0.4,6/25/2024,14:14:15,,,
170,1525034,MID,0.0055,0.0015,0.0015,0.001,0.667,6/25/2024,14:14:15,,,
170,1525034,TIP,0.0045,0.0015,0.0015,0,0,6/25/2024,14:14:15,,,
171,1525034,REAR,0.0068,0.0015,0.0015,0.0023,1.533,6/25/2024,14:18:32,,,
171,1525034,BASE,0.0063,0.0015,0.0015,0.0018,1.2,6/25/2024,14:18:32,,,
171,1525034,MID,0.0044,0.0015,0.0015,-0.0001,-0.067,6/25/2024,14:18:32,,,
171,1525034,TIP,0.0041,0.0015,0.0015,-0.0004,-0.267,6/25/2024,14:18:32,,,
172,1525034,REAR,0.0062,0.0015,0.0015,0.0017,1.133,6/25/2024,14:19:29,,,
172,1525034,BASE,0.0061,0.0015,0.0015,0.0016,1.067,6/25/2024,14:19:29,,,
172,1525034,MID,0.0061,0.0015,0.0015,0.0016,1.067,6/25/2024,14:19:29,,,
172,1525034,TIP,0.0063,0.0015,0.0015,0.0018,1.2,6/25/2024,14:19:29,,,
173,1525034,REAR,0.006,0.0015,0.0015,0.0015,1,6/25/2024,14:20:35,,,
173,1525034,BASE,0.006,0.0015,0.0015,0.0015,1,6/25/2024,14:20:35,,,
173,1525034,MID,0.0071,0.0015,0.0015,0.0026,1.733,6/25/2024,14:20:35,,,
173,1525034,TIP,0.0089,0.0015,0.0015,0.0044,2.933,6/25/2024,14:20:35,,,
174,1525034,REAR,0.0058,0.0015,0.0015,0.0013,0.867,6/25/2024,14:24:13,,,
174,1525034,BASE,0.0059,0.0015,0.0015,0.0014,0.933,6/25/2024,14:24:13,,,
174,1525034,MID,0.0063,0.0015,0.0015,0.0018,1.2,6/25/2024,14:24:13,,,
174,1525034,TIP,0.0069,0.0015,0.0015,0.0024,1.6,6/25/2024,14:24:13,,,
175,1525034,REAR,0.0052,0.0015,0.0015,0.0007,0.467,6/25/2024,14:25:29,,,
175,1525034,BASE,0.0049,0.0015,0.0015,0.0004,0.267,6/25/2024,14:25:29,,,
175,1525034,MID,0.005,0.0015,0.0015,0.0005,0.333,6/25/2024,14:25:29,,,
175,1525034,TIP,0.0061,0.0015,0.0015,0.0016,1.067,6/25/2024,14:25:29,,,
176,1525034,REAR,0.0055,0.0015,0.0015,0.001,0.667,6/25/2024,14:26:23,,,
176,1525034,BASE,0.0054,0.0015,0.0015,0.0009,0.6,6/25/2024,14:26:23,,,
176,1525034,MID,0.0054,0.0015,0.0015,0.0009,0.6,6/25/2024,14:26:23,,,
176,1525034,TIP,0.0058,0.0015,0.0015,0.0013,0.867,6/25/2024,14:26:23,,,
177,1525034,REAR,0.0066,0.0015,0.0015,0.0021,1.4,6/25/2024,14:29:53,,,
177,1525034,BASE,0.0066,0.0015,0.0015,0.0021,1.4,6/25/2024,14:29:53,,,
177,1525034,MID,0.0074,0.0015,0.0015,0.0029,1.933,6/25/2024,14:29:53,,,
177,1525034,TIP,0.0086,0.0015,0.0015,0.0041,2.733,6/25/2024,14:29:53,,,
178,1525034,REAR,0.006,0.0015,0.0015,0.0015,1,6/25/2024,14:30:43,,,
178,1525034,BASE,0.006,0.0015,0.0015,0.0015,1,6/25/2024,14:30:43,,,
178,1525034,MID,0.0063,0.0015,0.0015,0.0018,1.2,6/25/2024,14:30:43,,,
178,1525034,TIP,0.0074,0.0015,0.0015,0.0029,1.933,6/25/2024,14:30:43,,,
179,1525034,REAR,0.0058,0.0015,0.0015,0.0013,0.867,6/25/2024,14:31:32,,,
179,1525034,BASE,0.0057,0.0015,0.0015,0.0012,0.8,6/25/2024,14:31:32,,,
179,1525034,MID,0.0059,0.0015,0.0015,0.0014,0.933,6/25/2024,14:31:32,,,
179,1525034,TIP,0.0058,0.0015,0.0015,0.0013,0.867,6/25/2024,14:31:32,,,
180,1525034,REAR,0.0054,0.0015,0.0015,0.0009,0.6,6/25/2024,14:35:02,,,
180,1525034,BASE,0.0052,0.0015,0.0015,0.0007,0.467,6/25/2024,14:35:02,,,
180,1525034,MID,0.0059,0.0015,0.0015,0.0014,0.933,6/25/2024,14:35:02,,,
180,1525034,TIP,0.0059,0.0015,0.0015,0.0014,0.933,6/25/2024,14:35:02,,,
181,1525034,REAR,0.0048,0.0015,0.0015,0.0003,0.2,6/25/2024,14:36:04,,,
181,1525034,BASE,0.0044,0.0015,0.0015,-0.0001,-0.067,6/25/2024,14:36:04,,,
181,1525034,MID,0.005,0.0015,0.0015,0.0005,0.333,6/25/2024,14:36:04,,,
181,1525034,TIP,0.0039,0.0015,0.0015,-0.0006,-0.4,6/25/2024,14:36:04,,,
182,1525034,REAR,0.0047,0.0015,0.0015,0.0002,0.133,6/25/2024,14:37:26,,,
182,1525034,BASE,0.0043,0.0015,0.0015,-0.0002,-0.133,6/25/2024,14:37:26,,,
182,1525034,MID,0.005,0.0015,0.0015,0.0005,0.333,6/25/2024,14:37:26,,,
182,1525034,TIP,0.0049,0.0015,0.0015,0.0004,0.267,6/25/2024,14:37:26,,,
183,1525034,REAR,0.0051,0.0015,0.0015,0.0006,0.4,6/25/2024,14:48:04,,,
183,1525034,BASE,0.0052,0.0015,0.0015,0.0007,0.467,6/25/2024,14:48:04,,,
183,1525034,MID,0.0034,0.0015,0.0015,-0.0011,-0.733,6/25/2024,14:48:04,,,
183,1525034,TIP,0.0038,0.0015,0.0015,-0.0007,-0.467,6/25/2024,14:48:04,,,
184,1525034,REAR,0.0081,0.0015,0.0015,0.0036,2.4,6/25/2024,14:48:56,,,
184,1525034,BASE,0.0078,0.0015,0.0015,0.0033,2.2,6/25/2024,14:48:56,,,
184,1525034,MID,0.007,0.0015,0.0015,0.0025,1.667,6/25/2024,14:48:56,,,
184,1525034,TIP,0.006,0.0015,0.0015,0.0015,1,6/25/2024,14:48:56,,,
185,1525034,REAR,0.0053,0.0015,0.0015,0.0008,0.533,6/25/2024,14:49:44,,,
185,1525034,BASE,0.0052,0.0015,0.0015,0.0007,0.467,6/25/2024,14:49:44,,,
185,1525034,MID,0.0053,0.0015,0.0015,0.0008,0.533,6/25/2024,14:49:44,,,
185,1525034,TIP,0.0065,0.0015,0.0015,0.002,1.333,6/25/2024,14:49:44,,,
186,1525034,REAR,0.0077,0.0015,0.0015,0.0032,2.133,6/25/2024,14:53:15,,,
186,1525034,BASE,0.0072,0.0015,0.0015,0.0027,1.8,6/25/2024,14:53:15,,,
186,1525034,MID,0.0045,0.0015,0.0015,0,0,6/25/2024,14:53:15,,,
186,1525034,TIP,0.0043,0.0015,0.0015,-0.0002,-0.133,6/25/2024,14:53:15,,,
187,1525034,REAR,0.0063,0.0015,0.0015,0.0018,1.2,6/25/2024,14:54:08,,,
187,1525034,BASE,0.0063,0.0015,0.0015,0.0018,1.2,6/25/2024,14:54:08,,,
187,1525034,MID,0.0067,0.0015,0.0015,0.0022,1.467,6/25/2024,14:54:08,,,
187,1525034,TIP,0.006,0.0015,0.0015,0.0015,1,6/25/2024,14:54:08,,,
188,1525034,REAR,0.0062,0.0015,0.0015,0.0017,1.133,6/25/2024,14:54:58,,,
188,1525034,BASE,0.0064,0.0015,0.0015,0.0019,1.267,6/25/2024,14:54:58,,,
188,1525034,MID,0.0065,0.0015,0.0015,0.002,1.333,6/25/2024,14:54:58,,,
188,1525034,TIP,0.0043,0.0015,0.0015,-0.0002,-0.133,6/25/2024,14:54:58,,,
189,1525034,REAR,0.0055,0.0015,0.0015,0.001,0.667,6/25/2024,14:57:37,,,
189,1525034,BASE,0.0054,0.0015,0.0015,0.0009,0.6,6/25/2024,14:57:37,,,
189,1525034,MID,0.0063,0.0015,0.0015,0.0018,1.2,6/25/2024,14:57:37,,,
189,1525034,TIP,0.0079,0.0015,0.0015,0.0034,2.267,6/25/2024,14:57:37,,,
190,1525034,REAR,0.0048,0.0015,0.0015,0.0003,0.2,6/25/2024,14:58:33,,,
190,1525034,BASE,0.0045,0.0015,0.0015,0,0,6/25/2024,14:58:33,,,
190,1525034,MID,0.0048,0.0015,0.0015,0.0003,0.2,6/25/2024,14:58:33,,,
190,1525034,TIP,0.0036,0.0015,0.0015,-0.0009,-0.6,6/25/2024,14:58:33,,,
191,1525034,REAR,0.0053,0.0015,0.0015,0.0008,0.533,6/25/2024,14:59:26,,,
191,1525034,BASE,0.0053,0.0015,0.0015,0.0008,0.533,6/25/2024,14:59:26,,,
191,1525034,MID,0.0054,0.0015,0.0015,0.0009,0.6,6/25/2024,14:59:26,,,
191,1525034,TIP,0.006,0.0015,0.0015,0.0015,1,6/25/2024,14:59:26,,,
192,1525034,REAR,0.0057,0.0015,0.0015,0.0012,0.8,6/25/2024,15:04:02,,,
192,1525034,BASE,0.0057,0.0015,0.0015,0.0012,0.8,6/25/2024,15:04:02,,,
192,1525034,MID,0.0059,0.0015,0.0015,0.0014,0.933,6/25/2024,15:04:02,,,
192,1525034,TIP,0.0062,0.0015,0.0015,0.0017,1.133,6/25/2024,15:04:02,,,
193,1525034,REAR,0.0051,0.0015,0.0015,0.0006,0.4,6/25/2024,15:04:56,,,
193,1525034,BASE,0.0049,0.0015,0.0015,0.0004,0.267,6/25/2024,15:04:56,,,
193,1525034,MID,0.0053,0.0015,0.0015,0.0008,0.533,6/25/2024,15:04:56,,,
193,1525034,TIP,0.0064,0.0015,0.0015,0.0019,1.267,6/25/2024,15:04:56,,,
194,1525034,REAR,0.0053,0.0015,0.0015,0.0008,0.533,6/25/2024,15:05:46,,,
194,1525034,BASE,0.0052,0.0015,0.0015,0.0007,0.467,6/25/2024,15:05:46,,,
194,1525034,MID,0.0056,0.0015,0.0015,0.0011,0.733,6/25/2024,15:05:46,,,
194,1525034,TIP,0.0064,0.0015,0.0015,0.0019,1.267,6/25/2024,15:05:46,,,
195,1525034,REAR,0.0059,0.0015,0.0015,0.0014,0.933,6/25/2024,15:08:41,,,
195,1525034,BASE,0.0059,0.0015,0.0015,0.0014,0.933,6/25/2024,15:08:41,,,
195,1525034,MID,0.0075,0.0015,0.0015,0.003,2,6/25/2024,15:08:41,,,
195,1525034,TIP,0.0088,0.0015,0.0015,0.0043,2.867,6/25/2024,15:08:41,,,
196,1525034,REAR,0.0057,0.0015,0.0015,0.0012,0.8,6/25/2024,15:09:37,,,
196,1525034,BASE,0.0057,0.0015,0.0015,0.0012,0.8,6/25/2024,15:09:37,,,
196,1525034,MID,0.0056,0.0015,0.0015,0.0011,0.733,6/25/2024,15:09:37,,,
196,1525034,TIP,0.0061,0.0015,0.0015,0.0016,1.067,6/25/2024,15:09:37,,,
197,1525034,REAR,0.006,0.0015,0.0015,0.0015,1,6/25/2024,15:10:30,,,
197,1525034,BASE,0.0061,0.0015,0.0015,0.0016,1.067,6/25/2024,15:10:30,,,
197,1525034,MID,0.007,0.0015,0.0015,0.0025,1.667,6/25/2024,15:10:30,,,
197,1525034,TIP,0.0075,0.0015,0.0015,0.003,2,6/25/2024,15:10:30,,,
198,1525034,REAR,0.0059,0.0015,0.0015,0.0014,0.933,6/25/2024,15:37:40,,,
198,1525034,BASE,0.006,0.0015,0.0015,0.0015,1,6/25/2024,15:37:40,,,
198,1525034,MID,0.0068,0.0015,0.0015,0.0023,1.533,6/25/2024,15:37:40,,,
198,1525034,TIP,0.0078,0.0015,0.0015,0.0033,2.2,6/25/2024,15:37:40,,,
199,1525034,REAR,0.0058,0.0015,0.0015,0.0013,0.867,6/25/2024,15:38:42,,,
199,1525034,BASE,0.0058,0.0015,0.0015,0.0013,0.867,6/25/2024,15:38:42,,,
199,1525034,MID,0.0065,0.0015,0.0015,0.002,1.333,6/25/2024,15:38:42,,,
199,1525034,TIP,0.0067,0.0015,0.0015,0.0022,1.467,6/25/2024,15:38:42,,,
200,1525034,REAR,0.0055,0.0015,0.0015,0.001,0.667,6/25/2024,15:39:37,,,
200,1525034,BASE,0.0054,0.0015,0.0015,0.0009,0.6,6/25/2024,15:39:37,,,
200,1525034,MID,0.0062,0.0015,0.0015,0.0017,1.133,6/25/2024,15:39:37,,,
200,1525034,TIP,0.0061,0.0015,0.0015,0.0016,1.067,6/25/2024,15:39:37,,,
201,1525034,REAR,0.0056,0.0015,0.0015,0.0011,0.733,6/25/2024,15:42:19,,,
201,1525034,BASE,0.0054,0.0015,0.0015,0.0009,0.6,6/25/2024,15:42:19,,,
201,1525034,MID,0.0055,0.0015,0.0015,0.001,0.667,6/25/2024,15:42:19,,,
201,1525034,TIP,0.0069,0.0015,0.0015,0.0024,1.6,6/25/2024,15:42:19,,,
202,1525034,REAR,0.0064,0.0015,0.0015,0.0019,1.267,6/25/2024,15:43:10,,,
202,1525034,BASE,0.0065,0.0015,0.0015,0.002,1.333,6/25/2024,15:43:10,,,
202,1525034,MID,0.0034,0.0015,0.0015,-0.0011,-0.733,6/25/2024,15:43:10,,,
202,1525034,TIP,0.0052,0.0015,0.0015,0.0007,0.467,6/25/2024,15:43:10,,,
203,1525034,REAR,0.0058,0.0015,0.0015,0.0013,0.867,6/25/2024,15:44:03,,,
203,1525034,BASE,0.0057,0.0015,0.0015,0.0012,0.8,6/25/2024,15:44:03,,,
203,1525034,MID,0.0059,0.0015,0.0015,0.0014,0.933,6/25/2024,15:44:03,,,
203,1525034,TIP,0.0053,0.0015,0.0015,0.0008,0.533,6/25/2024,15:44:03,,,
204,1525034,REAR,0.0063,0.0015,0.0015,0.0018,1.2,6/25/2024,15:46:15,,,
204,1525034,BASE,0.0063,0.0015,0.0015,0.0018,1.2,6/25/2024,15:46:15,,,
204,1525034,MID,0.0066,0.0015,0.0015,0.0021,1.4,6/25/2024,15:46:15,,,
204,1525034,TIP,0.0071,0.0015,0.0015,0.0026,1.733,6/25/2024,15:46:15,,,
205,1525034,REAR,0.0061,0.0015,0.0015,0.0016,1.067,6/25/2024,15:47:45,,,
205,1525034,BASE,0.0062,0.0015,0.0015,0.0017,1.133,6/25/2024,15:47:45,,,
205,1525034,MID,0.007,0.0015,0.0015,0.0025,1.667,6/25/2024,15:47:45,,,
205,1525034,TIP,0.007,0.0015,0.0015,0.0025,1.667,6/25/2024,15:47:45,,,
206,1525034,REAR,0.0058,0.0015,0.0015,0.0013,0.867,6/25/2024,15:49:24,,,
206,1525034,BASE,0.0059,0.0015,0.0015,0.0014,0.933,6/25/2024,15:49:24,,,
206,1525034,MID,0.0066,0.0015,0.0015,0.0021,1.4,6/25/2024,15:49:24,,,
206,1525034,TIP,0.0071,0.0015,0.0015,0.0026,1.733,6/25/2024,15:49:24,,,
207,1525034,REAR,0.0055,0.0015,0.0015,0.001,0.667,6/25/2024,15:51:30,,,
207,1525034,BASE,0.0054,0.0015,0.0015,0.0009,0.6,6/25/2024,15:51:30,,,
207,1525034,MID,0.0063,0.0015,0.0015,0.0018,1.2,6/25/2024,15:51:30,,,
207,1525034,TIP,0.0068,0.0015,0.0015,0.0023,1.533,6/25/2024,15:51:30,,,
208,1525034,REAR,0.0063,0.0015,0.0015,0.0018,1.2,6/25/2024,15:53:12,,,
208,1525034,BASE,0.0065,0.0015,0.0015,0.002,1.333,6/25/2024,15:53:12,,,
208,1525034,MID,0.0069,0.0015,0.0015,0.0024,1.6,6/25/2024,15:53:12,,,
208,1525034,TIP,0.0078,0.0015,0.0015,0.0033,2.2,6/25/2024,15:53:12,,,
209,1525034,REAR,0.0051,0.0015,0.0015,0.0006,0.4,6/25/2024,15:54:04,,,
209,1525034,BASE,0.005,0.0015,0.0015,0.0005,0.333,6/25/2024,15:54:04,,,
209,1525034,MID,0.0054,0.0015,0.0015,0.0009,0.6,6/25/2024,15:54:04,,,
209,1525034,TIP,0.0057,0.0015,0.0015,0.0012,0.8,6/25/2024,15:54:04,,,
210,1525034,REAR,0.0056,0.0015,0.0015,0.0011,0.733,6/25/2024,15:57:50,,,
210,1525034,BASE,0.0057,0.0015,0.0015,0.0012,0.8,6/25/2024,15:57:50,,,
210,1525034,MID,0.0069,0.0015,0.0015,0.0024,1.6,6/25/2024,15:57:50,,,
210,1525034,TIP,0.0079,0.0015,0.0015,0.0034,2.267,6/25/2024,15:57:50,,,
211,1525034,REAR,0.0055,0.0015,0.0015,0.001,0.667,6/25/2024,15:58:48,,,
211,1525034,BASE,0.0055,0.0015,0.0015,0.001,0.667,6/25/2024,15:58:48,,,
211,1525034,MID,0.0062,0.0015,0.0015,0.0017,1.133,6/25/2024,15:58:48,,,
211,1525034,TIP,0.0067,0.0015,0.0015,0.0022,1.467,6/25/2024,15:58:48,,,
212,1525034,REAR,0.0051,0.0015,0.0015,0.0006,0.4,6/25/2024,15:59:44,,,
212,1525034,BASE,0.005,0.0015,0.0015,0.0005,0.333,6/25/2024,15:59:44,,,
212,1525034,MID,0.0052,0.0015,0.0015,0.0007,0.467,6/25/2024,15:59:44,,,
212,1525034,TIP,0.0057,0.0015,0.0015,0.0012,0.8,6/25/2024,15:59:44,,,
213,1525034,REAR,0.0056,0.0015,0.0015,0.0011,0.733,6/25/2024,16:02:39,,,
213,1525034,BASE,0.0056,0.0015,0.0015,0.0011,0.733,6/25/2024,16:02:39,,,
213,1525034,MID,0.0062,0.0015,0.0015,0.0017,1.133,6/25/2024,16:02:39,,,
213,1525034,TIP,0.0068,0.0015,0.0015,0.0023,1.533,6/25/2024,16:02:39,,,
214,1525034,REAR,0.0059,0.0015,0.0015,0.0014,0.933,6/25/2024,16:03:36,,,
214,1525034,BASE,0.0058,0.0015,0.0015,0.0013,0.867,6/25/2024,16:03:36,,,
214,1525034,MID,0.0045,0.0015,0.0015,0,0,6/25/2024,16:03:36,,,
214,1525034,TIP,0.005,0.0015,0.0015,0.0005,0.333,6/25/2024,16:03:36,,,
215,1525034,REAR,0.0059,0.0015,0.0015,0.0014,0.933,6/25/2024,16:04:26,,,
215,1525034,BASE,0.0058,0.0015,0.0015,0.0013,0.867,6/25/2024,16:04:26,,,
215,1525034,MID,0.006,0.0015,0.0015,0.0015,1,6/25/2024,16:04:26,,,
215,1525034,TIP,0.0066,0.0015,0.0015,0.0021,1.4,6/25/2024,16:04:26,,,
216,1525034,REAR,0.0059,0.0015,0.0015,0.0014,0.933,6/25/2024,16:07:52,,,
216,1525034,BASE,0.0062,0.0015,0.0015,0.0017,1.133,6/25/2024,16:07:52,,,
216,1525034,MID,0.0067,0.0015,0.0015,0.0022,1.467,6/25/2024,16:07:52,,,
216,1525034,TIP,0.0078,0.0015,0.0015,0.0033,2.2,6/25/2024,16:07:52,,,
217,1525034,REAR,0.0052,0.0015,0.0015,0.0007,0.467,6/25/2024,16:09:31,,,
217,1525034,BASE,0.0051,0.0015,0.0015,0.0006,0.4,6/25/2024,16:09:31,,,
217,1525034,MID,0.0053,0.0015,0.0015,0.0008,0.533,6/25/2024,16:09:31,,,
217,1525034,TIP,0.0064,0.0015,0.0015,0.0019,1.267,6/25/2024,16:09:31,,,
218,1525034,REAR,0.0054,0.0015,0.0015,0.0009,0.6,6/25/2024,16:10:34,,,
218,1525034,BASE,0.0054,0.0015,0.0015,0.0009,0.6,6/25/2024,16:10:34,,,
218,1525034,MID,0.0034,0.0015,0.0015,-0.0011,-0.733,6/25/2024,16:10:34,,,
218,1525034,TIP,0.0055,0.0015,0.0015,0.001,0.667,6/25/2024,16:10:34,,,
219,1525034,REAR,0.006,0.0015,0.0015,0.0015,1,6/25/2024,16:13:09,,,
219,1525034,BASE,0.0059,0.0015,0.0015,0.0014,0.933,6/25/2024,16:13:09,,,
219,1525034,MID,0.0064,0.0015,0.0015,0.0019,1.267,6/25/2024,16:13:09,,,
219,1525034,TIP,0.0075,0.0015,0.0015,0.003,2,6/25/2024,16:13:09,,,
220,1525034,REAR,0.0059,0.0015,0.0015,0.0014,0.933,6/25/2024,16:15:17,,,
220,1525034,BASE,0.006,0.0015,0.0015,0.0015,1,6/25/2024,16:15:17,,,
220,1525034,MID,0.0041,0.0015,0.0015,-0.0004,-0.267,6/25/2024,16:15:17,,,
220,1525034,TIP,0.0057,0.0015,0.0015,0.0012,0.8,6/25/2024,16:15:17,,,
221,1525034,REAR,0.0058,0.0015,0.0015,0.0013,0.867,6/25/2024,16:16:11,,,
221,1525034,BASE,0.006,0.0015,0.0015,0.0015,1,6/25/2024,16:16:11,,,
221,1525034,MID,0.0068,0.0015,0.0015,0.0023,1.533,6/25/2024,16:16:11,,,
221,1525034,TIP,0.0069,0.0015,0.0015,0.0024,1.6,6/25/2024,16:16:11,,,
222,1525034,REAR,0.0063,0.0015,0.0015,0.0018,1.2,6/25/2024,16:17:02,,,
222,1525034,BASE,0.0063,0.0015,0.0015,0.0018,1.2,6/25/2024,16:17:02,,,
222,1525034,MID,0.0066,0.0015,0.0015,0.0021,1.4,6/25/2024,16:17:02,,,
222,1525034,TIP,0.0074,0.0015,0.0015,0.0029,1.933,6/25/2024,16:17:02,,,
223,1525034,REAR,0.0058,0.0015,0.0015,0.0013,0.867,6/25/2024,16:26:26,,,
223,1525034,BASE,0.0058,0.0015,0.0015,0.0013,0.867,6/25/2024,16:26:26,,,
223,1525034,MID,0.0074,0.0015,0.0015,0.0029,1.933,6/25/2024,16:26:26,,,
223,1525034,TIP,0.0073,0.0015,0.0015,0.0028,1.867,6/25/2024,16:26:26,,,
224,1525034,REAR,0.0046,0.0015,0.0015,0.0001,0.067,6/25/2024,16:27:18,,,
224,1525034,BASE,0.0045,0.0015,0.0015,0,0,6/25/2024,16:27:18,,,
224,1525034,MID,0.0046,0.0015,0.0015,0.0001,0.067,6/25/2024,16:27:18,,,
224,1525034,TIP,0.0045,0.0015,0.0015,0,0,6/25/2024,16:27:18,,,
225,1525034,REAR,0.0052,0.0015,0.0015,0.0007,0.467,6/25/2024,16:28:10,,,
225,1525034,BASE,0.0049,0.0015,0.0015,0.0004,0.267,6/25/2024,16:28:10,,,
225,1525034,MID,0.0058,0.0015,0.0015,0.0013,0.867,6/25/2024,16:28:10,,,
225,1525034,TIP,0.007,0.0015,0.0015,0.0025,1.667,6/25/2024,16:28:10,,,
226,1525034,REAR,0.0059,0.0015,0.0015,0.0014,0.933,6/25/2024,16:32:09,,,
226,1525034,BASE,0.0059,0.0015,0.0015,0.0014,0.933,6/25/2024,16:32:09,,,
226,1525034,MID,0.0067,0.0015,0.0015,0.0022,1.467,6/25/2024,16:32:09,,,
226,1525034,TIP,0.0077,0.0015,0.0015,0.0032,2.133,6/25/2024,16:32:09,,,
227,1525034,REAR,0.0061,0.0015,0.0015,0.0016,1.067,6/25/2024,16:33:09,,,
227,1525034,BASE,0.0063,0.0015,0.0015,0.0018,1.2,6/25/2024,16:33:09,,,
227,1525034,MID,0.0066,0.0015,0.0015,0.0021,1.4,6/25/2024,16:33:09,,,
227,1525034,TIP,0.0043,0.0015,0.0015,-0.0002,-0.133,6/25/2024,16:33:09,,,
228,1525034,REAR,0.0054,0.0015,0.0015,0.0009,0.6,6/25/2024,16:33:58,,,
228,1525034,BASE,0.0053,0.0015,0.0015,0.0008,0.533,6/25/2024,16:33:58,,,
228,1525034,MID,0.0055,0.0015,0.0015,0.001,0.667,6/25/2024,16:33:58,,,
228,1525034,TIP,0.0049,0.0015,0.0015,0.0004,0.267,6/25/2024,16:33:58,,,
229,1525034,REAR,0.0056,0.0015,0.0015,0.0011,0.733,6/25/2024,16:51:51,,,
229,1525034,BASE,0.0054,0.0015,0.0015,0.0009,0.6,6/25/2024,16:51:51,,,
229,1525034,MID,0.006,0.0015,0.0015,0.0015,1,6/25/2024,16:51:51,,,
229,1525034,TIP,0.0079,0.0015,0.0015,0.0034,2.267,6/25/2024,16:51:51,,,
230,1525034,REAR,0.0054,0.0015,0.0015,0.0009,0.6,6/26/2024,7:09:47,,,
230,1525034,BASE,0.0053,0.0015,0.0015,0.0008,0.533,6/26/2024,7:09:47,,,
230,1525034,MID,0.0058,0.0015,0.0015,0.0013,0.867,6/26/2024,7:09:47,,,
230,1525034,TIP,0.0069,0.0015,0.0015,0.0024,1.6,6/26/2024,7:09:47,,,
231,1525034,REAR,0.0052,0.0015,0.0015,0.0007,0.467,6/26/2024,7:10:40,,,
231,1525034,BASE,0.005,0.0015,0.0015,0.0005,0.333,6/26/2024,7:10:40,,,
231,1525034,MID,0.0056,0.0015,0.0015,0.0011,0.733,6/26/2024,7:10:40,,,
231,1525034,TIP,0.0055,0.0015,0.0015,0.001,0.667,6/26/2024,7:10:40,,,
232,1525034,REAR,0.0053,0.0015,0.0015,0.0008,0.533,6/26/2024,7:11:30,,,
232,1525034,BASE,0.0053,0.0015,0.0015,0.0008,0.533,6/26/2024,7:11:30,,,
232,1525034,MID,0.0068,0.0015,0.0015,0.0023,1.533,6/26/2024,7:11:30,,,
232,1525034,TIP,0.0084,0.0015,0.0015,0.0039,2.6,6/26/2024,7:11:30,,,
233,1525034,REAR,0.0056,0.0015,0.0015,0.0011,0.733,6/26/2024,7:16:24,,,
233,1525034,BASE,0.0056,0.0015,0.0015,0.0011,0.733,6/26/2024,7:16:24,,,
233,1525034,MID,0.0062,0.0015,0.0015,0.0017,1.133,6/26/2024,7:16:24,,,
233,1525034,TIP,0.0072,0.0015,0.0015,0.0027,1.8,6/26/2024,7:16:24,,,
234,1525034,REAR,0.005,0.0015,0.0015,0.0005,0.333,6/26/2024,7:17:09,,,
234,1525034,BASE,0.0048,0.0015,0.0015,0.0003,0.2,6/26/2024,7:17:09,,,
234,1525034,MID,0.0053,0.0015,0.0015,0.0008,0.533,6/26/2024,7:17:09,,,
234,1525034,TIP,0.0046,0.0015,0.0015,0.0001,0.067,6/26/2024,7:17:09,,,
235,1525034,REAR,0.0055,0.0015,0.0015,0.001,0.667,6/26/2024,7:17:57,,,
235,1525034,BASE,0.0055,0.0015,0.0015,0.001,0.667,6/26/2024,7:17:57,,,
235,1525034,MID,0.0068,0.0015,0.0015,0.0023,1.533,6/26/2024,7:17:57,,,
235,1525034,TIP,0.008,0.0015,0.0015,0.0035,2.333,6/26/2024,7:17:57,,,
236,1525034,REAR,0.0061,0.0015,0.0015,0.0016,1.067,6/26/2024,7:20:51,,,
236,1525034,BASE,0.006,0.0015,0.0015,0.0015,1,6/26/2024,7:20:51,,,
236,1525034,MID,0.0061,0.0015,0.0015,0.0016,1.067,6/26/2024,7:20:51,,,
236,1525034,TIP,0.0064,0.0015,0.0015,0.0019,1.267,6/26/2024,7:20:51,,,
237,1525034,REAR,0.0057,0.0015,0.0015,0.0012,0.8,6/26/2024,7:22:20,,,
237,1525034,BASE,0.0054,0.0015,0.0015,0.0009,0.6,6/26/2024,7:22:20,,,
237,1525034,MID,0.0054,0.0015,0.0015,0.0009,0.6,6/26/2024,7:22:20,,,
237,1525034,TIP,0.0061,0.0015,0.0015,0.0016,1.067,6/26/2024,7:22:20,,,
238,1525034,REAR,0.0063,0.0015,0.0015,0.0018,1.2,6/26/2024,7:23:03,,,
238,1525034,BASE,0.0063,0.0015,0.0015,0.0018,1.2,6/26/2024,7:23:03,,,
238,1525034,MID,0.0062,0.0015,0.0015,0.0017,1.133,6/26/2024,7:23:03,,,
238,1525034,TIP,0.0061,0.0015,0.0015,0.0016,1.067,6/26/2024,7:23:03,,,
239,1525034,REAR,0.0055,0.0015,0.0015,0.001,0.667,6/26/2024,7:26:18,,,
239,1525034,BASE,0.0056,0.0015,0.0015,0.0011,0.733,6/26/2024,7:26:18,,,
239,1525034,MID,0.0063,0.0015,0.0015,0.0018,1.2,6/26/2024,7:26:18,,,
239,1525034,TIP,0.0065,0.0015,0.0015,0.002,1.333,6/26/2024,7:26:18,,,
240,1525034,REAR,0.0048,0.0015,0.0015,0.0003,0.2,6/26/2024,7:27:12,,,
240,1525034,BASE,0.0043,0.0015,0.0015,-0.0002,-0.133,6/26/2024,7:27:12,,,
240,1525034,MID,0.0048,0.0015,0.0015,0.0003,0.2,6/26/2024,7:27:12,,,
240,1525034,TIP,0.006,0.0015,0.0015,0.0015,1,6/26/2024,7:27:12,,,
241,1525034,REAR,0.0052,0.0015,0.0015,0.0007,0.467,6/26/2024,7:28:05,,,
241,1525034,BASE,0.0051,0.0015,0.0015,0.0006,0.4,6/26/2024,7:28:05,,,
241,1525034,MID,0.0059,0.0015,0.0015,0.0014,0.933,6/26/2024,7:28:05,,,
241,1525034,TIP,0.0068,0.0015,0.0015,0.0023,1.533,6/26/2024,7:28:05,,,
242,1525034,REAR,0.0054,0.0015,0.0015,0.0009,0.6,6/26/2024,7:31:12,,,
242,1525034,BASE,0.0053,0.0015,0.0015,0.0008,0.533,6/26/2024,7:31:12,,,
242,1525034,MID,0.006,0.0015,0.0015,0.0015,1,6/26/2024,7:31:12,,,
242,1525034,TIP,0.0059,0.0015,0.0015,0.0014,0.933,6/26/2024,7:31:12,,,
243,1525034,REAR,0.0054,0.0015,0.0015,0.0009,0.6,6/26/2024,7:32:05,,,
243,1525034,BASE,0.0053,0.0015,0.0015,0.0008,0.533,6/26/2024,7:32:05,,,
243,1525034,MID,0.0059,0.0015,0.0015,0.0014,0.933,6/26/2024,7:32:05,,,
243,1525034,TIP,0.0067,0.0015,0.0015,0.0022,1.467,6/26/2024,7:32:05,,,
244,1525034,REAR,0.0054,0.0015,0.0015,0.0009,0.6,6/26/2024,7:33:05,,,
244,1525034,BASE,0.0053,0.0015,0.0015,0.0008,0.533,6/26/2024,7:33:05,,,
244,1525034,MID,0.0058,0.0015,0.0015,0.0013,0.867,6/26/2024,7:33:05,,,
244,1525034,TIP,0.0062,0.0015,0.0015,0.0017,1.133,6/26/2024,7:33:05,,,
245,1525034,REAR,0.0059,0.0015,0.0015,0.0014,0.933,6/26/2024,7:37:08,,,
245,1525034,BASE,0.0062,0.0015,0.0015,0.0017,1.133,6/26/2024,7:37:08,,,
245,1525034,MID,0.0067,0.0015,0.0015,0.0022,1.467,6/26/2024,7:37:08,,,
245,1525034,TIP,0.007,0.0015,0.0015,0.0025,1.667,6/26/2024,7:37:08,,,
246,1525034,REAR,0.0053,0.0015,0.0015,0.0008,0.533,6/26/2024,7:38:01,,,
246,1525034,BASE,0.0052,0.0015,0.0015,0.0007,0.467,6/26/2024,7:38:01,,,
246,1525034,MID,0.0056,0.0015,0.0015,0.0011,0.733,6/26/2024,7:38:01,,,
246,1525034,TIP,0.0054,0.0015,0.0015,0.0009,0.6,6/26/2024,7:38:01,,,
247,1525034,REAR,0.0051,0.0015,0.0015,0.0006,0.4,6/26/2024,7:38:56,,,
247,1525034,BASE,0.0048,0.0015,0.0015,0.0003,0.2,6/26/2024,7:38:56,,,
247,1525034,MID,0.0053,0.0015,0.0015,0.0008,0.533,6/26/2024,7:38:56,,,
247,1525034,TIP,0.0058,0.0015,0.0015,0.0013,0.867,6/26/2024,7:38:56,,,
248,1525034,REAR,0.0054,0.0015,0.0015,0.0009,0.6,6/26/2024,7:42:51,,,
248,1525034,BASE,0.0054,0.0015,0.0015,0.0009,0.6,6/26/2024,7:42:51,,,
248,1525034,MID,0.0054,0.0015,0.0015,0.0009,0.6,6/26/2024,7:42:51,,,
248,1525034,TIP,0.0065,0.0015,0.0015,0.002,1.333,6/26/2024,7:42:51,,,
249,1525034,REAR,0.0056,0.0015,0.0015,0.0011,0.733,6/26/2024,7:43:43,,,
249,1525034,BASE,0.0055,0.0015,0.0015,0.001,0.667,6/26/2024,7:43:43,,,
249,1525034,MID,0.006,0.0015,0.0015,0.0015,1,6/26/2024,7:43:43,,,
249,1525034,TIP,0.0072,0.0015,0.0015,0.0027,1.8,6/26/2024,7:43:43,,,
250,1525034,REAR,0.0055,0.0015,0.0015,0.001,0.667,6/26/2024,7:44:29,,,
250,1525034,BASE,0.0055,0.0015,0.0015,0.001,0.667,6/26/2024,7:44:29,,,
250,1525034,MID,0.0062,0.0015,0.0015,0.0017,1.133,6/26/2024,7:44:29,,,
250,1525034,TIP,0.0069,0.0015,0.0015,0.0024,1.6,6/26/2024,7:44:29,,,
251,1525034,REAR,0.005,0.0015,0.0015,0.0005,0.333,6/26/2024,11:32:02,,,
251,1525034,BASE,0.0049,0.0015,0.0015,0.0004,0.267,6/26/2024,11:32:02,,,
251,1525034,MID,0.0052,0.0015,0.0015,0.0007,0.467,6/26/2024,11:32:02,,,
251,1525034,TIP,0.0063,0.0015,0.0015,0.0018,1.2,6/26/2024,11:32:02,,,
252,1525034,REAR,0.0052,0.0015,0.0015,0.0007,0.467,6/26/2024,11:32:57,,,
252,1525034,BASE,0.0049,0.0015,0.0015,0.0004,0.267,6/26/2024,11:32:57,,,
252,1525034,MID,0.0062,0.0015,0.0015,0.0017,1.133,6/26/2024,11:32:57,,,
252,1525034,TIP,0.0065,0.0015,0.0015,0.002,1.333,6/26/2024,11:32:57,,,
253,1525034,REAR,0.0055,0.0015,0.0015,0.001,0.667,6/26/2024,11:34:06,,,
253,1525034,BASE,0.0054,0.0015,0.0015,0.0009,0.6,6/26/2024,11:34:06,,,
253,1525034,MID,0.0061,0.0015,0.0015,0.0016,1.067,6/26/2024,11:34:06,,,
253,1525034,TIP,0.007,0.0015,0.0015,0.0025,1.667,6/26/2024,11:34:06,,,
254,1525034,REAR,0.0048,0.0015,0.0015,0.0003,0.2,6/26/2024,11:35:47,,,
254,1525034,BASE,0.0046,0.0015,0.0015,0.0001,0.067,6/26/2024,11:35:47,,,
254,1525034,MID,0.0049,0.0015,0.0015,0.0004,0.267,6/26/2024,11:35:47,,,
254,1525034,TIP,0.0048,0.0015,0.0015,0.0003,0.2,6/26/2024,11:35:47,,,
255,1525034,REAR,0.0051,0.0015,0.0015,0.0006,0.4,6/26/2024,11:36:39,,,
255,1525034,BASE,0.0049,0.0015,0.0015,0.0004,0.267,6/26/2024,11:36:39,,,
255,1525034,MID,0.0054,0.0015,0.0015,0.0009,0.6,6/26/2024,11:36:39,,,
255,1525034,TIP,0.005,0.0015,0.0015,0.0005,0.333,6/26/2024,11:36:39,,,
256,1525034,REAR,0.0051,0.0015,0.0015,0.0006,0.4,6/26/2024,11:37:37,,,
256,1525034,BASE,0.0049,0.0015,0.0015,0.0004,0.267,6/26/2024,11:37:37,,,
256,1525034,MID,0.0053,0.0015,0.0015,0.0008,0.533,6/26/2024,11:37:37,,,
256,1525034,TIP,0.0054,0.0015,0.0015,0.0009,0.6,6/26/2024,11:37:37,,,
257,1525034,REAR,0.0057,0.0015,0.0015,0.0012,0.8,6/26/2024,11:43:01,,,
257,1525034,BASE,0.0057,0.0015,0.0015,0.0012,0.8,6/26/2024,11:43:01,,,
257,1525034,MID,0.0059,0.0015,0.0015,0.0014,0.933,6/26/2024,11:43:01,,,
257,1525034,TIP,0.0059,0.0015,0.0015,0.0014,0.933,6/26/2024,11:43:01,,,
258,1525034,REAR,0.0046,0.0015,0.0015,0.0001,0.067,6/26/2024,11:44:05,,,
258,1525034,BASE,0.0045,0.0015,0.0015,0,0,6/26/2024,11:44:05,,,
258,1525034,MID,0.0045,0.0015,0.0015,0,0,6/26/2024,11:44:05,,,
258,1525034,TIP,0.005,0.0015,0.0015,0.0005,0.333,6/26/2024,11:44:05,,,
259,1525034,REAR,0.0056,0.0015,0.0015,0.0011,0.733,6/26/2024,11:45:01,,,
259,1525034,BASE,0.0054,0.0015,0.0015,0.0009,0.6,6/26/2024,11:45:01,,,
259,1525034,MID,0.0057,0.0015,0.0015,0.0012,0.8,6/26/2024,11:45:01,,,
259,1525034,TIP,0.0069,0.0015,0.0015,0.0024,1.6,6/26/2024,11:45:01,,,
260,1525034,REAR,0.0054,0.0015,0.0015,0.0009,0.6,6/26/2024,11:51:28,,,
260,1525034,BASE,0.0053,0.0015,0.0015,0.0008,0.533,6/26/2024,11:51:28,,,
260,1525034,MID,0.0058,0.0015,0.0015,0.0013,0.867,6/26/2024,11:51:28,,,
260,1525034,TIP,0.0062,0.0015,0.0015,0.0017,1.133,6/26/2024,11:51:28,,,
261,1525034,REAR,0.0057,0.0015,0.0015,0.0012,0.8,6/26/2024,11:53:43,,,
261,1525034,BASE,0.0057,0.0015,0.0015,0.0012,0.8,6/26/2024,11:53:43,,,
261,1525034,MID,0.0061,0.0015,0.0015,0.0016,1.067,6/26/2024,11:53:43,,,
261,1525034,TIP,0.0059,0.0015,0.0015,0.0014,0.933,6/26/2024,11:53:43,,,
262,1525034,REAR,0.0052,0.0015,0.0015,0.0007,0.467,6/26/2024,11:54:36,,,
262,1525034,BASE,0.005,0.0015,0.0015,0.0005,0.333,6/26/2024,11:54:36,,,
262,1525034,MID,0.0055,0.0015,0.0015,0.001,0.667,6/26/2024,11:54:36,,,
262,1525034,TIP,0.0052,0.0015,0.0015,0.0007,0.467,6/26/2024,11:54:36,,,
263,1525034,REAR,0.0053,0.0015,0.0015,0.0008,0.533,6/26/2024,11:58:26,,,
263,1525034,BASE,0.0051,0.0015,0.0015,0.0006,0.4,6/26/2024,11:58:26,,,
263,1525034,MID,0.0056,0.0015,0.0015,0.0011,0.733,6/26/2024,11:58:26,,,
263,1525034,TIP,0.0057,0.0015,0.0015,0.0012,0.8,6/26/2024,11:58:26,,,
264,1525034,REAR,0.0053,0.0015,0.0015,0.0008,0.533,6/26/2024,11:59:37,,,
264,1525034,BASE,0.0051,0.0015,0.0015,0.0006,0.4,6/26/2024,11:59:37,,,
264,1525034,MID,0.0053,0.0015,0.0015,0.0008,0.533,6/26/2024,11:59:37,,,
264,1525034,TIP,0.0061,0.0015,0.0015,0.0016,1.067,6/26/2024,11:59:37,,,
265,1525034,REAR,0.0054,0.0015,0.0015,0.0009,0.6,6/26/2024,12:00:28,,,
265,1525034,BASE,0.0053,0.0015,0.0015,0.0008,0.533,6/26/2024,12:00:28,,,
265,1525034,MID,0.006,0.0015,0.0015,0.0015,1,6/26/2024,12:00:28,,,
265,1525034,TIP,0.0068,0.0015,0.0015,0.0023,1.533,6/26/2024,12:00:28,,,
266,1525034,REAR,0.0054,0.0015,0.0015,0.0009,0.6,6/26/2024,12:03:24,,,
266,1525034,BASE,0.0053,0.0015,0.0015,0.0008,0.533,6/26/2024,12:03:24,,,
266,1525034,MID,0.0059,0.0015,0.0015,0.0014,0.933,6/26/2024,12:03:24,,,
266,1525034,TIP,0.0048,0.0015,0.0015,0.0003,0.2,6/26/2024,12:03:24,,,
267,1525034,REAR,0.0056,0.0015,0.0015,0.0011,0.733,6/26/2024,12:04:22,,,
267,1525034,BASE,0.0054,0.0015,0.0015,0.0009,0.6,6/26/2024,12:04:22,,,
267,1525034,MID,0.005,0.0015,0.0015,0.0005,0.333,6/26/2024,12:04:22,,,
267,1525034,TIP,0.0056,0.0015,0.0015,0.0011,0.733,6/26/2024,12:04:22,,,
268,1525034,REAR,0.0056,0.0015,0.0015,0.0011,0.733,6/26/2024,12:05:10,,,
268,1525034,BASE,0.0055,0.0015,0.0015,0.001,0.667,6/26/2024,12:05:10,,,
268,1525034,MID,0.0061,0.0015,0.0015,0.0016,1.067,6/26/2024,12:05:10,,,
268,1525034,TIP,0.0052,0.0015,0.0015,0.0007,0.467,6/26/2024,12:05:10,,,
269,1525034,REAR,0.007,0.0015,0.0015,0.0025,1.667,6/26/2024,12:10:49,,,
269,1525034,BASE,0.0067,0.0015,0.0015,0.0022,1.467,6/26/2024,12:10:49,,,
269,1525034,MID,0.0058,0.0015,0.0015,0.0013,0.867,6/26/2024,12:10:49,,,
269,1525034,TIP,0.0064,0.0015,0.0015,0.0019,1.267,6/26/2024,12:10:49,,,
270,1525034,REAR,0.0052,0.0015,0.0015,0.0007,0.467,6/26/2024,12:11:51,,,
270,1525034,BASE,0.0051,0.0015,0.0015,0.0006,0.4,6/26/2024,12:11:51,,,
270,1525034,MID,0.0052,0.0015,0.0015,0.0007,0.467,6/26/2024,12:11:51,,,
270,1525034,TIP,0.006,0.0015,0.0015,0.0015,1,6/26/2024,12:11:51,,,
271,1525034,REAR,0.0049,0.0015,0.0015,0.0004,0.267,6/26/2024,12:12:44,,,
271,1525034,BASE,0.0047,0.0015,0.0015,0.0002,0.133,6/26/2024,12:12:44,,,
271,1525034,MID,0.0042,0.0015,0.0015,-0.0003,-0.2,6/26/2024,12:12:44,,,
271,1525034,TIP,0.0043,0.0015,0.0015,-0.0002,-0.133,6/26/2024,12:12:44,,,
272,1525034,REAR,0.0053,0.0015,0.0015,0.0008,0.533,6/26/2024,12:17:00,,,
272,1525034,BASE,0.0051,0.0015,0.0015,0.0006,0.4,6/26/2024,12:17:00,,,
272,1525034,MID,0.005,0.0015,0.0015,0.0005,0.333,6/26/2024,12:17:00,,,
272,1525034,TIP,0.0058,0.0015,0.0015,0.0013,0.867,6/26/2024,12:17:00,,,
273,1525034,REAR,0.0053,0.0015,0.0015,0.0008,0.533,6/26/2024,12:18:13,,,
273,1525034,BASE,0.0051,0.0015,0.0015,0.0006,0.4,6/26/2024,12:18:13,,,
273,1525034,MID,0.0061,0.0015,0.0015,0.0016,1.067,6/26/2024,12:18:13,,,
273,1525034,TIP,0.0065,0.0015,0.0015,0.002,1.333,6/26/2024,12:18:13,,,
274,1525034,REAR,0.0058,0.0015,0.0015,0.0013,0.867,6/26/2024,12:19:04,,,
274,1525034,BASE,0.0058,0.0015,0.0015,0.0013,0.867,6/26/2024,12:19:04,,,
274,1525034,MID,0.0063,0.0015,0.0015,0.0018,1.2,6/26/2024,12:19:04,,,
274,1525034,TIP,0.0065,0.0015,0.0015,0.002,1.333,6/26/2024,12:19:04,,,
275,1525034,REAR,0.0052,0.0015,0.0015,0.0007,0.467,6/26/2024,12:22:10,,,
275,1525034,BASE,0.005,0.0015,0.0015,0.0005,0.333,6/26/2024,12:22:10,,,
275,1525034,MID,0.0055,0.0015,0.0015,0.001,0.667,6/26/2024,12:22:10,,,
275,1525034,TIP,0.0072,0.0015,0.0015,0.0027,1.8,6/26/2024,12:22:10,,,
276,1525034,REAR,0.0056,0.0015,0.0015,0.0011,0.733,6/26/2024,12:23:10,,,
276,1525034,BASE,0.0055,0.0015,0.0015,0.001,0.667,6/26/2024,12:23:10,,,
276,1525034,MID,0.0054,0.0015,0.0015,0.0009,0.6,6/26/2024,12:23:10,,,
276,1525034,TIP,0.0052,0.0015,0.0015,0.0007,0.467,6/26/2024,12:23:10,,,
277,1525034,REAR,0.0062,0.0015,0.0015,0.0017,1.133,6/26/2024,12:24:14,,,
277,1525034,BASE,0.0062,0.0015,0.0015,0.0017,1.133,6/26/2024,12:24:14,,,
277,1525034,MID,0.0069,0.0015,0.0015,0.0024,1.6,6/26/2024,12:24:14,,,
277,1525034,TIP,0.0066,0.0015,0.0015,0.0021,1.4,6/26/2024,12:24:14,,,
278,1525034,REAR,0.0054,0.0015,0.0015,0.0009,0.6,6/26/2024,12:27:22,,,
278,1525034,BASE,0.0052,0.0015,0.0015,0.0007,0.467,6/26/2024,12:27:22,,,
278,1525034,MID,0.0055,0.0015,0.0015,0.001,0.667,6/26/2024,12:27:22,,,
278,1525034,TIP,0.0067,0.0015,0.0015,0.0022,1.467,6/26/2024,12:27:22,,,
279,1525034,REAR,0.0049,0.0015,0.0015,0.0004,0.267,6/26/2024,12:28:20,,,
279,1525034,BASE,0.0048,0.0015,0.0015,0.0003,0.2,6/26/2024,12:28:20,,,
279,1525034,MID,0.0051,0.0015,0.0015,0.0006,0.4,6/26/2024,12:28:20,,,
279,1525034,TIP,0.006,0.0015,0.0015,0.0015,1,6/26/2024,12:28:20,,,
280,1525034,REAR,0.0059,0.0015,0.0015,0.0014,0.933,6/26/2024,12:29:42,,,
280,1525034,BASE,0.0059,0.0015,0.0015,0.0014,0.933,6/26/2024,12:29:42,,,
280,1525034,MID,0.0069,0.0015,0.0015,0.0024,1.6,6/26/2024,12:29:42,,,
280,1525034,TIP,0.0076,0.0015,0.0015,0.0031,2.067,6/26/2024,12:29:42,,,
